order_id,order_date,revenue,is_new_customer,sku,utm_source
TC100001,2026-07-16,74.36,true,TC-TEE-CREW,facebook
TC100002,2026-07-16,75.63,true,TC-TEE-CREW,facebook
TC100003,2026-07-16,87.25,true,TC-TEE-CREW,instagram
TC100004,2026-07-16,85.75,true,TC-TEE-CREW,instagram
TC100005,2026-07-16,60.21,true,TC-TEE-CREW,meta
TC100006,2026-07-16,68.90,true,TC-TEE-CREW,meta
TC100007,2026-07-16,67.12,true,TC-TEE-CREW,facebook
TC100008,2026-07-16,56.68,true,TC-TEE-CREW,facebook
TC100009,2026-07-16,78.41,true,TC-TEE-CREW,
TC100010,2026-07-16,85.80,true,TC-TEE-CREW,
TC100011,2026-07-16,72.12,true,TC-TEE-CREW,facebook
TC100012,2026-07-16,83.27,true,TC-TEE-CREW,instagram
TC100013,2026-07-16,86.19,true,TC-TEE-CREW,facebook
TC100014,2026-07-16,77.57,true,TC-TEE-CREW,facebook
TC100015,2026-07-16,88.49,true,TC-TEE-CREW,
TC100016,2026-07-16,59.34,true,TC-TEE-CREW,
TC100017,2026-07-16,66.90,true,TC-TEE-CREW,meta
TC100018,2026-07-16,66.01,true,TC-TEE-CREW,facebook
TC100019,2026-07-16,70.95,true,TC-TEE-CREW,meta
TC100020,2026-07-16,67.88,true,TC-TEE-CREW,meta
TC100021,2026-07-16,63.21,true,TC-TEE-CREW,instagram
TC100022,2026-07-16,84.93,true,TC-TEE-CREW,facebook
TC100023,2026-07-16,73.50,true,TC-TEE-CREW,instagram
TC100024,2026-07-16,75.51,true,TC-TEE-CREW,
TC100025,2026-07-16,79.04,true,TC-TEE-CREW,instagram
TC100026,2026-07-16,62.71,true,TC-TEE-CREW,instagram
TC100027,2026-07-16,67.33,true,TC-TEE-CREW,
TC100028,2026-07-16,75.61,true,TC-TEE-CREW,instagram
TC100029,2026-07-16,67.43,true,TC-TEE-CREW,
TC100030,2026-07-16,81.13,true,TC-TEE-CREW,
TC100031,2026-07-16,62.54,true,TC-TEE-CREW,facebook
TC100032,2026-07-16,63.94,true,TC-TEE-CREW,meta
TC100033,2026-07-16,77.22,true,TC-TEE-CREW,instagram
TC100034,2026-07-16,67.56,true,TC-TEE-CREW,meta
TC100035,2026-07-16,62.07,true,TC-TEE-CREW,instagram
TC100036,2026-07-16,63.90,true,TC-TEE-CREW,
TC100037,2026-07-16,86.82,true,TC-TEE-CREW,facebook
TC100038,2026-07-16,80.92,true,TC-TEE-CREW,instagram
TC100039,2026-07-16,65.57,true,TC-TEE-CREW,facebook
TC100040,2026-07-16,56.73,true,TC-TEE-CREW,facebook
TC100041,2026-07-16,69.32,false,TC-TEE-CREW,instagram
TC100042,2026-07-16,67.37,false,TC-TEE-CREW,instagram
TC100043,2026-07-16,86.79,false,TC-TEE-CREW,facebook
TC100044,2026-07-16,70.31,false,TC-TEE-CREW,meta
TC100045,2026-07-16,71.03,false,TC-TEE-CREW,instagram
TC100046,2026-07-16,64.67,false,TC-TEE-CREW,meta
TC100047,2026-07-16,75.81,false,TC-TEE-CREW,
TC100048,2026-07-16,64.04,false,TC-TEE-CREW,
TC100049,2026-07-16,86.16,false,TC-TEE-CREW,instagram
TC100050,2026-07-16,57.63,false,TC-TEE-CREW,meta
TC100051,2026-07-16,89.75,false,TC-TEE-CREW,instagram
TC100052,2026-07-16,91.78,true,TC-TEE-CREW,meta
TC100053,2026-07-16,60.95,true,TC-TEE-CREW,
TC100054,2026-07-16,86.31,true,TC-TEE-CREW,instagram
TC100055,2026-07-16,86.12,true,TC-TEE-CREW,
TC100056,2026-07-16,57.17,true,TC-TEE-CREW,
TC100057,2026-07-16,77.24,false,TC-TEE-CREW,
TC100058,2026-07-16,78.33,false,TC-TEE-CREW,facebook
TC100059,2026-07-16,62.70,false,TC-TEE-CREW,meta
TC100060,2026-07-16,60.49,false,TC-TEE-CREW,meta
TC100061,2026-07-16,82.43,false,TC-TEE-CREW,facebook
TC100062,2026-07-16,61.19,false,TC-TEE-CREW,instagram
TC100063,2026-07-16,64.97,false,TC-TEE-CREW,
TC100064,2026-07-16,60.22,false,TC-TEE-CREW,facebook
TC100065,2026-07-16,60.25,false,TC-TEE-CREW,meta
TC100066,2026-07-16,55.41,false,TC-TEE-CREW,meta
TC100067,2026-07-16,90.08,false,TC-TEE-CREW,facebook
TC100068,2026-07-16,63.49,false,TC-TEE-CREW,instagram
TC100069,2026-07-16,75.67,false,TC-TEE-CREW,instagram
TC100070,2026-07-16,70.75,false,TC-TEE-CREW,meta
TC100071,2026-07-16,127.97,false,TC-TEE-CREW,facebook
TC100072,2026-07-16,76.40,true,TC-TEE-CREW,instagram
TC100073,2026-07-16,84.19,true,TC-TEE-CREW,facebook
TC100074,2026-07-16,59.02,true,TC-TEE-CREW,
TC100075,2026-07-16,85.55,true,TC-TEE-CREW,instagram
TC100076,2026-07-16,54.65,true,TC-TEE-CREW,
TC100077,2026-07-16,58.52,true,TC-TEE-CREW,
TC100078,2026-07-16,61.87,true,TC-TEE-CREW,facebook
TC100079,2026-07-16,55.92,true,TC-TEE-CREW,facebook
TC100080,2026-07-16,78.74,false,TC-TEE-CREW,instagram
TC100081,2026-07-16,85.25,false,TC-TEE-CREW,meta
TC100082,2026-07-16,75.88,true,TC-UND-BOXER,meta
TC100083,2026-07-16,74.46,true,TC-UND-BOXER,instagram
TC100084,2026-07-16,55.65,true,TC-UND-BOXER,
TC100085,2026-07-16,82.84,true,TC-UND-BOXER,
TC100086,2026-07-16,67.15,true,TC-UND-BOXER,instagram
TC100087,2026-07-16,76.93,true,TC-UND-BOXER,instagram
TC100088,2026-07-16,60.83,false,TC-UND-BOXER,facebook
TC100089,2026-07-16,61.89,true,TC-MIXED,facebook
TC100090,2026-07-16,82.30,false,TC-UNKNOWN-CLEARANCE,meta
TC100091,2026-07-16,71.43,false,TC-MIXED,meta
TC100092,2026-07-16,72.49,false,TC-MIXED,
TC100093,2026-07-16,56.06,false,TC-MIXED,facebook
TC100094,2026-07-16,71.07,false,TC-MIXED,facebook
TC100095,2026-07-16,55.39,false,TC-MIXED,
TC100096,2026-07-16,84.21,false,TC-MIXED,
TC100097,2026-07-16,78.21,false,TC-MIXED,instagram
TC100098,2026-07-16,71.49,false,TC-MIXED,
TC100099,2026-07-16,75.88,false,TC-MIXED,facebook
TC100100,2026-07-16,58.14,false,TC-MIXED,
TC100101,2026-07-16,61.87,false,TC-MIXED,meta
TC100102,2026-07-16,85.54,false,TC-MIXED,facebook
TC100103,2026-07-16,84.78,true,TC-TEE-CREW,google
TC100104,2026-07-16,83.52,true,TC-TEE-CREW,
TC100105,2026-07-16,63.53,true,TC-TEE-CREW,google_ads
TC100106,2026-07-16,63.10,true,TC-TEE-CREW,cpc
TC100107,2026-07-16,67.28,true,TC-TEE-CREW,
TC100108,2026-07-16,59.34,true,TC-TEE-CREW,google
TC100109,2026-07-16,79.87,true,TC-TEE-CREW,
TC100110,2026-07-16,76.98,true,TC-TEE-CREW,google_ads
TC100111,2026-07-16,77.09,true,TC-TEE-CREW,google_ads
TC100112,2026-07-16,61.83,true,TC-TEE-CREW,google_ads
TC100113,2026-07-16,84.51,true,TC-TEE-CREW,
TC100114,2026-07-16,85.81,true,TC-TEE-CREW,cpc
TC100115,2026-07-16,77.95,true,TC-TEE-CREW,google_ads
TC100116,2026-07-16,58.91,true,TC-TEE-CREW,cpc
TC100117,2026-07-16,56.86,true,TC-TEE-CREW,
TC100118,2026-07-16,76.29,true,TC-TEE-CREW,google
TC100119,2026-07-16,65.46,true,TC-TEE-CREW,cpc
TC100120,2026-07-16,57.42,true,TC-TEE-CREW,cpc
TC100121,2026-07-16,62.35,true,TC-TEE-CREW,
TC100122,2026-07-16,71.75,true,TC-TEE-CREW,
TC100123,2026-07-16,57.94,true,TC-TEE-CREW,google_ads
TC100124,2026-07-16,79.51,true,TC-TEE-CREW,cpc
TC100125,2026-07-16,62.14,true,TC-TEE-CREW,google
TC100126,2026-07-16,88.38,true,TC-TEE-CREW,
TC100127,2026-07-16,82.94,true,TC-TEE-CREW,
TC100128,2026-07-16,62.96,true,TC-TEE-CREW,google
TC100129,2026-07-16,76.26,true,TC-TEE-CREW,google_ads
TC100130,2026-07-16,86.99,true,TC-TEE-CREW,
TC100131,2026-07-16,87.54,true,TC-TEE-CREW,google_ads
TC100132,2026-07-16,79.12,true,TC-TEE-CREW,google_ads
TC100133,2026-07-16,56.01,true,TC-TEE-CREW,
TC100134,2026-07-16,63.50,true,TC-TEE-CREW,cpc
TC100135,2026-07-16,59.06,true,TC-TEE-CREW,
TC100136,2026-07-16,81.14,true,TC-TEE-CREW,
TC100137,2026-07-16,73.92,false,TC-TEE-CREW,cpc
TC100138,2026-07-16,63.30,false,TC-TEE-CREW,google_ads
TC100139,2026-07-16,69.67,false,TC-TEE-CREW,google_ads
TC100140,2026-07-16,77.17,false,TC-TEE-CREW,
TC100141,2026-07-16,79.80,false,TC-TEE-CREW,google
TC100142,2026-07-16,83.84,false,TC-TEE-CREW,google_ads
TC100143,2026-07-16,65.91,false,TC-TEE-CREW,google_ads
TC100144,2026-07-16,84.37,false,TC-TEE-CREW,google
TC100145,2026-07-16,81.80,false,TC-TEE-CREW,cpc
TC100146,2026-07-16,80.04,false,TC-TEE-CREW,
TC100147,2026-07-16,83.38,false,TC-TEE-CREW,google
TC100148,2026-07-16,78.46,false,TC-TEE-CREW,
TC100149,2026-07-16,72.44,false,TC-TEE-CREW,
TC100150,2026-07-16,72.69,false,TC-TEE-CREW,cpc
TC100151,2026-07-16,63.08,false,TC-TEE-CREW,
TC100152,2026-07-16,81.90,false,TC-TEE-CREW,google
TC100153,2026-07-16,57.53,false,TC-TEE-CREW,google
TC100154,2026-07-16,73.32,false,TC-TEE-CREW,cpc
TC100155,2026-07-16,57.16,false,TC-TEE-CREW,google
TC100156,2026-07-16,68.72,false,TC-TEE-CREW,
TC100157,2026-07-16,80.70,false,TC-TEE-CREW,google
TC100158,2026-07-16,76.30,false,TC-TEE-CREW,cpc
TC100159,2026-07-16,72.15,false,TC-TEE-CREW,google_ads
TC100160,2026-07-16,79.56,false,TC-TEE-CREW,cpc
TC100161,2026-07-16,64.35,false,TC-TEE-CREW,cpc
TC100162,2026-07-16,82.09,false,TC-TEE-CREW,google
TC100163,2026-07-16,86.71,false,TC-TEE-CREW,google
TC100164,2026-07-16,81.72,false,TC-TEE-CREW,
TC100165,2026-07-16,75.80,false,TC-TEE-CREW,
TC100166,2026-07-16,80.44,false,TC-TEE-CREW,
TC100167,2026-07-16,64.90,false,TC-TEE-CREW,google_ads
TC100168,2026-07-16,75.28,false,TC-TEE-CREW,google
TC100169,2026-07-16,87.71,false,TC-TEE-CREW,
TC100170,2026-07-16,64.69,false,TC-TEE-CREW,
TC100171,2026-07-16,72.42,false,TC-TEE-CREW,
TC100172,2026-07-16,87.38,false,TC-TEE-CREW,
TC100173,2026-07-16,56.28,false,TC-TEE-CREW,google
TC100174,2026-07-16,77.55,false,TC-TEE-CREW,google
TC100175,2026-07-16,66.13,false,TC-TEE-CREW,
TC100176,2026-07-16,54.61,false,TC-TEE-CREW,
TC100177,2026-07-16,66.54,false,TC-TEE-CREW,google
TC100178,2026-07-16,47.42,false,TC-TEE-CREW,google
TC100179,2026-07-16,5.27,false,TC-TEE-CREW,cpc
TC100180,2026-07-16,89.10,true,TC-TEE-CREW,google
TC100181,2026-07-16,57.98,true,TC-TEE-CREW,cpc
TC100182,2026-07-16,89.54,true,TC-TEE-CREW,google
TC100183,2026-07-16,78.28,true,TC-TEE-CREW,cpc
TC100184,2026-07-16,83.79,true,TC-TEE-CREW,google
TC100185,2026-07-16,64.69,true,TC-TEE-CREW,google_ads
TC100186,2026-07-16,83.82,true,TC-TEE-CREW,google_ads
TC100187,2026-07-16,73.01,true,TC-TEE-CREW,
TC100188,2026-07-16,82.11,true,TC-TEE-CREW,cpc
TC100189,2026-07-16,74.67,true,TC-TEE-CREW,cpc
TC100190,2026-07-16,55.19,true,TC-TEE-CREW,google
TC100191,2026-07-16,83.99,true,TC-TEE-CREW,cpc
TC100192,2026-07-16,67.05,true,TC-TEE-CREW,google_ads
TC100193,2026-07-16,69.84,true,TC-TEE-CREW,google_ads
TC100194,2026-07-16,70.79,true,TC-TEE-CREW,google_ads
TC100195,2026-07-16,68.66,true,TC-TEE-CREW,cpc
TC100196,2026-07-16,68.60,true,TC-TEE-CREW,google_ads
TC100197,2026-07-16,70.68,true,TC-TEE-CREW,google_ads
TC100198,2026-07-16,84.76,true,TC-TEE-CREW,google_ads
TC100199,2026-07-16,60.30,true,TC-TEE-CREW,google_ads
TC100200,2026-07-16,71.95,false,TC-TEE-CREW,cpc
TC100201,2026-07-16,70.26,false,TC-TEE-CREW,
TC100202,2026-07-16,69.05,false,TC-TEE-CREW,
TC100203,2026-07-16,54.89,false,TC-TEE-CREW,google
TC100204,2026-07-16,56.16,false,TC-TEE-CREW,
TC100205,2026-07-16,66.14,true,TC-SHIRT-OXFORD,
TC100206,2026-07-16,81.46,true,TC-SHIRT-OXFORD,
TC100207,2026-07-16,78.16,true,TC-SHIRT-OXFORD,google
TC100208,2026-07-16,77.09,true,TC-SHIRT-OXFORD,google_ads
TC100209,2026-07-16,90.17,true,TC-SHIRT-OXFORD,google_ads
TC100210,2026-07-16,90.94,true,TC-SHIRT-OXFORD,
TC100211,2026-07-16,83.67,false,TC-SHIRT-OXFORD,google
TC100212,2026-07-16,61.24,false,TC-SHIRT-OXFORD,google
TC100213,2026-07-16,79.63,false,TC-SHIRT-OXFORD,
TC100214,2026-07-16,73.55,false,TC-SHIRT-OXFORD,cpc
TC100215,2026-07-16,60.05,false,TC-SHIRT-OXFORD,
TC100216,2026-07-16,68.11,false,TC-SHIRT-OXFORD,google
TC100217,2026-07-16,61.99,false,TC-SHIRT-OXFORD,google_ads
TC100218,2026-07-16,68.90,false,TC-SHIRT-OXFORD,google_ads
TC100219,2026-07-16,56.18,false,TC-SHIRT-OXFORD,cpc
TC100220,2026-07-16,57.99,true,TC-TEE-CREW,
TC100221,2026-07-16,72.31,true,TC-TEE-CREW,google_ads
TC100222,2026-07-16,80.10,true,TC-TEE-CREW,cpc
TC100223,2026-07-16,61.95,true,TC-TEE-CREW,google
TC100224,2026-07-16,73.29,true,TC-TEE-CREW,cpc
TC100225,2026-07-16,77.55,true,TC-TEE-CREW,google_ads
TC100226,2026-07-16,71.68,true,TC-TEE-CREW,google
TC100227,2026-07-16,87.53,true,TC-TEE-CREW,google
TC100228,2026-07-16,81.33,true,TC-TEE-CREW,google_ads
TC100229,2026-07-16,75.71,true,TC-TEE-CREW,cpc
TC100230,2026-07-16,68.92,true,TC-TEE-CREW,google
TC100231,2026-07-16,71.34,true,TC-TEE-CREW,google
TC100232,2026-07-16,85.11,true,TC-TEE-CREW,google
TC100233,2026-07-16,59.74,true,TC-TEE-CREW,
TC100234,2026-07-16,63.40,true,TC-TEE-CREW,cpc
TC100235,2026-07-16,88.36,true,TC-TEE-CREW,google_ads
TC100236,2026-07-16,62.95,true,TC-TEE-CREW,google
TC100237,2026-07-16,82.18,true,TC-TEE-CREW,cpc
TC100238,2026-07-16,68.95,true,TC-TEE-CREW,google
TC100239,2026-07-16,74.78,true,TC-TEE-CREW,
TC100240,2026-07-16,83.50,true,TC-TEE-CREW,cpc
TC100241,2026-07-16,84.22,true,TC-TEE-CREW,google_ads
TC100242,2026-07-16,83.17,true,TC-TEE-CREW,cpc
TC100243,2026-07-16,55.32,true,TC-TEE-CREW,google_ads
TC100244,2026-07-16,78.11,true,TC-TEE-CREW,cpc
TC100245,2026-07-16,58.55,true,TC-TEE-CREW,
TC100246,2026-07-16,62.23,true,TC-TEE-CREW,google
TC100247,2026-07-16,63.61,false,TC-TEE-CREW,google
TC100248,2026-07-16,53.74,false,TC-TEE-CREW,cpc
TC100249,2026-07-16,83.15,false,TC-TEE-CREW,cpc
TC100250,2026-07-16,87.01,false,TC-TEE-CREW,
TC100251,2026-07-16,20.33,false,TC-TEE-CREW,cpc
TC100252,2026-07-17,82.27,true,TC-TEE-CREW,instagram
TC100253,2026-07-17,70.23,true,TC-TEE-CREW,
TC100254,2026-07-17,60.32,true,TC-TEE-CREW,meta
TC100255,2026-07-17,54.71,true,TC-TEE-CREW,instagram
TC100256,2026-07-17,85.77,true,TC-TEE-CREW,
TC100257,2026-07-17,87.95,true,TC-TEE-CREW,meta
TC100258,2026-07-17,84.45,true,TC-TEE-CREW,instagram
TC100259,2026-07-17,86.32,true,TC-TEE-CREW,instagram
TC100260,2026-07-17,63.34,true,TC-TEE-CREW,meta
TC100261,2026-07-17,78.30,true,TC-TEE-CREW,meta
TC100262,2026-07-17,72.31,true,TC-TEE-CREW,meta
TC100263,2026-07-17,75.31,true,TC-TEE-CREW,
TC100264,2026-07-17,75.90,true,TC-TEE-CREW,meta
TC100265,2026-07-17,60.98,true,TC-TEE-CREW,facebook
TC100266,2026-07-17,75.56,true,TC-TEE-CREW,meta
TC100267,2026-07-17,70.82,true,TC-TEE-CREW,instagram
TC100268,2026-07-17,85.77,true,TC-TEE-CREW,instagram
TC100269,2026-07-17,64.51,true,TC-TEE-CREW,facebook
TC100270,2026-07-17,88.75,true,TC-TEE-CREW,instagram
TC100271,2026-07-17,66.11,true,TC-TEE-CREW,meta
TC100272,2026-07-17,74.50,true,TC-TEE-CREW,instagram
TC100273,2026-07-17,58.67,true,TC-TEE-CREW,meta
TC100274,2026-07-17,75.08,true,TC-TEE-CREW,instagram
TC100275,2026-07-17,72.60,true,TC-TEE-CREW,
TC100276,2026-07-17,84.32,true,TC-TEE-CREW,facebook
TC100277,2026-07-17,62.20,true,TC-TEE-CREW,instagram
TC100278,2026-07-17,59.42,true,TC-TEE-CREW,meta
TC100279,2026-07-17,81.50,true,TC-TEE-CREW,meta
TC100280,2026-07-17,75.29,true,TC-TEE-CREW,instagram
TC100281,2026-07-17,66.28,true,TC-TEE-CREW,
TC100282,2026-07-17,73.21,true,TC-TEE-CREW,instagram
TC100283,2026-07-17,56.95,true,TC-TEE-CREW,facebook
TC100284,2026-07-17,65.61,true,TC-TEE-CREW,facebook
TC100285,2026-07-17,61.34,true,TC-TEE-CREW,
TC100286,2026-07-17,58.75,true,TC-TEE-CREW,instagram
TC100287,2026-07-17,68.46,true,TC-TEE-CREW,instagram
TC100288,2026-07-17,87.66,true,TC-TEE-CREW,meta
TC100289,2026-07-17,59.43,true,TC-TEE-CREW,meta
TC100290,2026-07-17,56.71,true,TC-TEE-CREW,instagram
TC100291,2026-07-17,59.31,true,TC-TEE-CREW,instagram
TC100292,2026-07-17,67.64,true,TC-TEE-CREW,
TC100293,2026-07-17,76.03,true,TC-TEE-CREW,
TC100294,2026-07-17,65.58,true,TC-TEE-CREW,facebook
TC100295,2026-07-17,77.87,true,TC-TEE-CREW,facebook
TC100296,2026-07-17,60.25,true,TC-TEE-CREW,instagram
TC100297,2026-07-17,71.55,true,TC-TEE-CREW,facebook
TC100298,2026-07-17,76.30,true,TC-TEE-CREW,
TC100299,2026-07-17,72.93,true,TC-TEE-CREW,
TC100300,2026-07-17,83.39,true,TC-TEE-CREW,meta
TC100301,2026-07-17,68.02,true,TC-TEE-CREW,
TC100302,2026-07-17,66.56,false,TC-TEE-CREW,meta
TC100303,2026-07-17,80.16,false,TC-TEE-CREW,meta
TC100304,2026-07-17,56.22,false,TC-TEE-CREW,instagram
TC100305,2026-07-17,81.51,false,TC-TEE-CREW,facebook
TC100306,2026-07-17,62.42,false,TC-TEE-CREW,facebook
TC100307,2026-07-17,80.30,false,TC-TEE-CREW,
TC100308,2026-07-17,56.34,false,TC-TEE-CREW,
TC100309,2026-07-17,120.71,false,TC-TEE-CREW,
TC100310,2026-07-17,60.27,true,TC-TEE-CREW,
TC100311,2026-07-17,66.06,true,TC-TEE-CREW,instagram
TC100312,2026-07-17,87.17,true,TC-TEE-CREW,instagram
TC100313,2026-07-17,60.57,true,TC-TEE-CREW,
TC100314,2026-07-17,75.28,false,TC-TEE-CREW,meta
TC100315,2026-07-17,61.96,false,TC-TEE-CREW,
TC100316,2026-07-17,87.87,false,TC-TEE-CREW,facebook
TC100317,2026-07-17,57.34,false,TC-TEE-CREW,
TC100318,2026-07-17,86.19,false,TC-TEE-CREW,
TC100319,2026-07-17,65.71,false,TC-TEE-CREW,facebook
TC100320,2026-07-17,57.51,false,TC-TEE-CREW,
TC100321,2026-07-17,61.08,false,TC-TEE-CREW,instagram
TC100322,2026-07-17,61.04,false,TC-TEE-CREW,instagram
TC100323,2026-07-17,79.97,false,TC-TEE-CREW,instagram
TC100324,2026-07-17,75.60,false,TC-TEE-CREW,facebook
TC100325,2026-07-17,56.29,false,TC-TEE-CREW,
TC100326,2026-07-17,66.65,false,TC-TEE-CREW,instagram
TC100327,2026-07-17,86.98,false,TC-TEE-CREW,instagram
TC100328,2026-07-17,82.97,false,TC-TEE-CREW,instagram
TC100329,2026-07-17,82.05,false,TC-TEE-CREW,
TC100330,2026-07-17,128.10,false,TC-TEE-CREW,facebook
TC100331,2026-07-17,63.90,true,TC-TEE-CREW,
TC100332,2026-07-17,63.76,true,TC-TEE-CREW,
TC100333,2026-07-17,75.56,true,TC-TEE-CREW,meta
TC100334,2026-07-17,86.80,true,TC-TEE-CREW,
TC100335,2026-07-17,87.02,true,TC-TEE-CREW,instagram
TC100336,2026-07-17,62.72,true,TC-TEE-CREW,facebook
TC100337,2026-07-17,78.67,true,TC-TEE-CREW,
TC100338,2026-07-17,66.19,true,TC-TEE-CREW,facebook
TC100339,2026-07-17,72.69,false,TC-TEE-CREW,instagram
TC100340,2026-07-17,73.85,false,TC-TEE-CREW,facebook
TC100341,2026-07-17,35.87,false,TC-TEE-CREW,meta
TC100342,2026-07-17,59.72,true,TC-UND-BOXER,
TC100343,2026-07-17,52.20,true,TC-UND-BOXER,instagram
TC100344,2026-07-17,68.86,true,TC-UND-BOXER,facebook
TC100345,2026-07-17,79.62,true,TC-UND-BOXER,
TC100346,2026-07-17,63.40,true,TC-UND-BOXER,meta
TC100347,2026-07-17,79.89,true,TC-UND-BOXER,meta
TC100348,2026-07-17,80.25,true,TC-UND-BOXER,instagram
TC100349,2026-07-17,58.91,false,TC-UND-BOXER,instagram
TC100350,2026-07-17,69.62,false,TC-UND-BOXER,
TC100351,2026-07-17,69.24,true,TC-MIXED,facebook
TC100352,2026-07-17,59.01,false,TC-MIXED,meta
TC100353,2026-07-17,66.54,false,TC-MIXED,
TC100354,2026-07-17,87.78,false,TC-MIXED,
TC100355,2026-07-17,87.24,false,TC-MIXED,meta
TC100356,2026-07-17,87.64,false,TC-MIXED,meta
TC100357,2026-07-17,75.53,false,TC-MIXED,facebook
TC100358,2026-07-17,89.46,false,TC-MIXED,instagram
TC100359,2026-07-17,61.59,false,TC-MIXED,instagram
TC100360,2026-07-17,72.59,false,TC-MIXED,
TC100361,2026-07-17,73.04,false,TC-MIXED,facebook
TC100362,2026-07-17,60.76,false,TC-MIXED,meta
TC100363,2026-07-17,73.35,false,TC-MIXED,facebook
TC100364,2026-07-17,55.94,false,TC-MIXED,
TC100365,2026-07-17,68.17,true,TC-TEE-CREW,google_ads
TC100366,2026-07-17,73.50,true,TC-TEE-CREW,google
TC100367,2026-07-17,56.53,true,TC-TEE-CREW,google
TC100368,2026-07-17,88.05,true,TC-TEE-CREW,google_ads
TC100369,2026-07-17,62.63,true,TC-TEE-CREW,google_ads
TC100370,2026-07-17,68.78,true,TC-TEE-CREW,
TC100371,2026-07-17,81.51,true,TC-TEE-CREW,google
TC100372,2026-07-17,53.83,true,TC-TEE-CREW,google_ads
TC100373,2026-07-17,80.62,true,TC-TEE-CREW,cpc
TC100374,2026-07-17,78.23,true,TC-TEE-CREW,cpc
TC100375,2026-07-17,58.95,true,TC-TEE-CREW,
TC100376,2026-07-17,79.74,true,TC-TEE-CREW,
TC100377,2026-07-17,55.54,true,TC-TEE-CREW,cpc
TC100378,2026-07-17,66.72,true,TC-TEE-CREW,google_ads
TC100379,2026-07-17,65.72,true,TC-TEE-CREW,cpc
TC100380,2026-07-17,68.00,true,TC-TEE-CREW,cpc
TC100381,2026-07-17,56.73,true,TC-TEE-CREW,google
TC100382,2026-07-17,82.94,true,TC-TEE-CREW,google
TC100383,2026-07-17,76.95,true,TC-TEE-CREW,google_ads
TC100384,2026-07-17,88.80,true,TC-TEE-CREW,google
TC100385,2026-07-17,77.16,true,TC-TEE-CREW,google_ads
TC100386,2026-07-17,72.90,true,TC-TEE-CREW,google_ads
TC100387,2026-07-17,82.87,true,TC-TEE-CREW,cpc
TC100388,2026-07-17,75.16,true,TC-TEE-CREW,google
TC100389,2026-07-17,85.38,true,TC-TEE-CREW,
TC100390,2026-07-17,65.05,true,TC-TEE-CREW,
TC100391,2026-07-17,75.77,true,TC-TEE-CREW,
TC100392,2026-07-17,68.48,false,TC-TEE-CREW,google
TC100393,2026-07-17,55.00,false,TC-TEE-CREW,cpc
TC100394,2026-07-17,82.21,false,TC-TEE-CREW,google_ads
TC100395,2026-07-17,86.26,false,TC-TEE-CREW,google_ads
TC100396,2026-07-17,83.53,false,TC-TEE-CREW,
TC100397,2026-07-17,79.34,false,TC-TEE-CREW,
TC100398,2026-07-17,67.10,false,TC-TEE-CREW,cpc
TC100399,2026-07-17,53.85,false,TC-TEE-CREW,google_ads
TC100400,2026-07-17,58.46,false,TC-TEE-CREW,google_ads
TC100401,2026-07-17,69.57,false,TC-TEE-CREW,google
TC100402,2026-07-17,71.81,false,TC-TEE-CREW,google
TC100403,2026-07-17,69.14,false,TC-TEE-CREW,google_ads
TC100404,2026-07-17,69.07,false,TC-TEE-CREW,
TC100405,2026-07-17,75.29,false,TC-TEE-CREW,google_ads
TC100406,2026-07-17,66.92,false,TC-TEE-CREW,cpc
TC100407,2026-07-17,56.34,false,TC-TEE-CREW,google
TC100408,2026-07-17,54.94,false,TC-TEE-CREW,google_ads
TC100409,2026-07-17,81.25,false,TC-TEE-CREW,cpc
TC100410,2026-07-17,86.25,false,TC-TEE-CREW,google
TC100411,2026-07-17,78.15,false,TC-TEE-CREW,google_ads
TC100412,2026-07-17,60.56,false,TC-TEE-CREW,google
TC100413,2026-07-17,68.16,false,TC-TEE-CREW,
TC100414,2026-07-17,62.72,false,TC-TEE-CREW,cpc
TC100415,2026-07-17,80.99,false,TC-TEE-CREW,google
TC100416,2026-07-17,59.96,false,TC-TEE-CREW,google
TC100417,2026-07-17,87.03,false,TC-TEE-CREW,cpc
TC100418,2026-07-17,71.76,false,TC-TEE-CREW,google_ads
TC100419,2026-07-17,83.45,false,TC-TEE-CREW,cpc
TC100420,2026-07-17,81.40,false,TC-TEE-CREW,cpc
TC100421,2026-07-17,60.33,false,TC-TEE-CREW,cpc
TC100422,2026-07-17,86.48,false,TC-TEE-CREW,
TC100423,2026-07-17,55.83,false,TC-TEE-CREW,
TC100424,2026-07-17,58.95,false,TC-TEE-CREW,google_ads
TC100425,2026-07-17,62.25,false,TC-TEE-CREW,
TC100426,2026-07-17,68.84,false,TC-TEE-CREW,google
TC100427,2026-07-17,63.81,false,TC-TEE-CREW,cpc
TC100428,2026-07-17,113.13,false,TC-TEE-CREW,google
TC100429,2026-07-17,58.82,true,TC-TEE-CREW,cpc
TC100430,2026-07-17,78.24,true,TC-TEE-CREW,cpc
TC100431,2026-07-17,84.74,true,TC-TEE-CREW,google_ads
TC100432,2026-07-17,63.93,true,TC-TEE-CREW,google_ads
TC100433,2026-07-17,90.42,true,TC-TEE-CREW,
TC100434,2026-07-17,84.87,true,TC-TEE-CREW,
TC100435,2026-07-17,75.53,true,TC-TEE-CREW,google
TC100436,2026-07-17,76.86,true,TC-TEE-CREW,cpc
TC100437,2026-07-17,63.96,true,TC-TEE-CREW,google_ads
TC100438,2026-07-17,83.45,true,TC-TEE-CREW,google
TC100439,2026-07-17,69.25,true,TC-TEE-CREW,
TC100440,2026-07-17,85.43,true,TC-TEE-CREW,
TC100441,2026-07-17,77.39,true,TC-TEE-CREW,
TC100442,2026-07-17,71.14,true,TC-TEE-CREW,google
TC100443,2026-07-17,55.10,true,TC-TEE-CREW,google
TC100444,2026-07-17,57.01,true,TC-TEE-CREW,cpc
TC100445,2026-07-17,81.83,true,TC-TEE-CREW,google
TC100446,2026-07-17,75.15,true,TC-TEE-CREW,cpc
TC100447,2026-07-17,70.53,true,TC-TEE-CREW,google
TC100448,2026-07-17,54.57,true,TC-TEE-CREW,
TC100449,2026-07-17,80.55,false,TC-TEE-CREW,
TC100450,2026-07-17,83.57,false,TC-TEE-CREW,
TC100451,2026-07-17,42.75,false,TC-TEE-CREW,google_ads
TC100452,2026-07-17,54.82,true,TC-SHIRT-OXFORD,cpc
TC100453,2026-07-17,57.80,true,TC-SHIRT-OXFORD,google_ads
TC100454,2026-07-17,82.36,true,TC-SHIRT-OXFORD,cpc
TC100455,2026-07-17,63.39,true,TC-SHIRT-OXFORD,google
TC100456,2026-07-17,90.39,true,TC-SHIRT-OXFORD,google
TC100457,2026-07-17,55.17,true,TC-SHIRT-OXFORD,
TC100458,2026-07-17,56.69,true,TC-SHIRT-OXFORD,cpc
TC100459,2026-07-17,54.72,true,TC-SHIRT-OXFORD,google
TC100460,2026-07-17,79.11,true,TC-SHIRT-OXFORD,google_ads
TC100461,2026-07-17,74.58,true,TC-SHIRT-OXFORD,google
TC100462,2026-07-17,55.29,true,TC-SHIRT-OXFORD,google
TC100463,2026-07-17,71.62,false,TC-SHIRT-OXFORD,google_ads
TC100464,2026-07-17,64.77,false,TC-SHIRT-OXFORD,google
TC100465,2026-07-17,58.18,false,TC-SHIRT-OXFORD,cpc
TC100466,2026-07-17,87.63,false,TC-SHIRT-OXFORD,google
TC100467,2026-07-17,84.32,false,TC-SHIRT-OXFORD,google_ads
TC100468,2026-07-17,69.63,false,TC-SHIRT-OXFORD,google
TC100469,2026-07-17,76.13,false,TC-SHIRT-OXFORD,google_ads
TC100470,2026-07-17,56.21,false,TC-SHIRT-OXFORD,
TC100471,2026-07-17,158.19,false,TC-SHIRT-OXFORD,cpc
TC100472,2026-07-17,56.04,true,TC-TEE-CREW,google
TC100473,2026-07-17,68.57,true,TC-TEE-CREW,
TC100474,2026-07-17,89.05,true,TC-TEE-CREW,google
TC100475,2026-07-17,59.12,true,TC-TEE-CREW,
TC100476,2026-07-17,78.71,true,TC-TEE-CREW,
TC100477,2026-07-17,57.94,true,TC-TEE-CREW,google_ads
TC100478,2026-07-17,81.96,true,TC-TEE-CREW,
TC100479,2026-07-17,68.69,true,TC-TEE-CREW,
TC100480,2026-07-17,60.66,true,TC-TEE-CREW,cpc
TC100481,2026-07-17,73.07,true,TC-TEE-CREW,google
TC100482,2026-07-17,64.04,true,TC-TEE-CREW,google
TC100483,2026-07-17,83.17,true,TC-TEE-CREW,cpc
TC100484,2026-07-17,56.97,true,TC-TEE-CREW,
TC100485,2026-07-17,86.64,true,TC-TEE-CREW,cpc
TC100486,2026-07-17,62.14,true,TC-TEE-CREW,cpc
TC100487,2026-07-17,79.98,true,TC-TEE-CREW,
TC100488,2026-07-17,88.57,true,TC-TEE-CREW,cpc
TC100489,2026-07-17,81.62,true,TC-TEE-CREW,google_ads
TC100490,2026-07-17,86.21,true,TC-TEE-CREW,google_ads
TC100491,2026-07-17,70.22,true,TC-TEE-CREW,google
TC100492,2026-07-17,77.38,true,TC-TEE-CREW,
TC100493,2026-07-17,61.21,true,TC-TEE-CREW,
TC100494,2026-07-17,62.18,true,TC-TEE-CREW,google_ads
TC100495,2026-07-17,88.47,true,TC-TEE-CREW,
TC100496,2026-07-17,62.68,true,TC-TEE-CREW,google_ads
TC100497,2026-07-17,54.26,true,TC-TEE-CREW,
TC100498,2026-07-17,81.79,true,TC-TEE-CREW,google
TC100499,2026-07-17,71.09,true,TC-TEE-CREW,cpc
TC100500,2026-07-17,55.86,true,TC-TEE-CREW,
TC100501,2026-07-17,80.56,true,TC-TEE-CREW,cpc
TC100502,2026-07-17,76.63,false,TC-TEE-CREW,
TC100503,2026-07-17,86.95,false,TC-TEE-CREW,google
TC100504,2026-07-17,69.31,false,TC-TEE-CREW,
TC100505,2026-07-17,75.94,false,TC-TEE-CREW,
TC100506,2026-07-17,41.47,false,TC-TEE-CREW,google
TC100507,2026-07-18,65.61,true,TC-TEE-CREW,instagram
TC100508,2026-07-18,83.96,true,TC-TEE-CREW,instagram
TC100509,2026-07-18,77.06,true,TC-TEE-CREW,instagram
TC100510,2026-07-18,77.31,true,TC-TEE-CREW,meta
TC100511,2026-07-18,89.49,true,TC-TEE-CREW,
TC100512,2026-07-18,72.94,true,TC-TEE-CREW,instagram
TC100513,2026-07-18,78.68,true,TC-TEE-CREW,instagram
TC100514,2026-07-18,63.90,true,TC-TEE-CREW,instagram
TC100515,2026-07-18,76.30,true,TC-TEE-CREW,facebook
TC100516,2026-07-18,79.09,true,TC-TEE-CREW,instagram
TC100517,2026-07-18,68.33,true,TC-TEE-CREW,facebook
TC100518,2026-07-18,59.05,true,TC-TEE-CREW,facebook
TC100519,2026-07-18,79.36,true,TC-TEE-CREW,facebook
TC100520,2026-07-18,70.55,true,TC-TEE-CREW,instagram
TC100521,2026-07-18,75.90,true,TC-TEE-CREW,facebook
TC100522,2026-07-18,86.87,true,TC-TEE-CREW,
TC100523,2026-07-18,62.37,true,TC-TEE-CREW,
TC100524,2026-07-18,59.50,true,TC-TEE-CREW,meta
TC100525,2026-07-18,75.13,true,TC-TEE-CREW,
TC100526,2026-07-18,85.92,true,TC-TEE-CREW,instagram
TC100527,2026-07-18,87.07,true,TC-TEE-CREW,instagram
TC100528,2026-07-18,63.07,true,TC-TEE-CREW,meta
TC100529,2026-07-18,69.77,true,TC-TEE-CREW,instagram
TC100530,2026-07-18,75.55,true,TC-TEE-CREW,facebook
TC100531,2026-07-18,81.28,true,TC-TEE-CREW,facebook
TC100532,2026-07-18,77.79,true,TC-TEE-CREW,facebook
TC100533,2026-07-18,85.00,true,TC-TEE-CREW,facebook
TC100534,2026-07-18,82.92,true,TC-TEE-CREW,
TC100535,2026-07-18,89.78,true,TC-TEE-CREW,instagram
TC100536,2026-07-18,67.64,true,TC-TEE-CREW,
TC100537,2026-07-18,64.03,true,TC-TEE-CREW,
TC100538,2026-07-18,83.67,true,TC-TEE-CREW,instagram
TC100539,2026-07-18,69.41,true,TC-TEE-CREW,
TC100540,2026-07-18,73.91,true,TC-TEE-CREW,
TC100541,2026-07-18,67.10,true,TC-TEE-CREW,meta
TC100542,2026-07-18,64.39,true,TC-TEE-CREW,meta
TC100543,2026-07-18,58.69,true,TC-TEE-CREW,meta
TC100544,2026-07-18,85.84,true,TC-TEE-CREW,facebook
TC100545,2026-07-18,86.89,true,TC-TEE-CREW,meta
TC100546,2026-07-18,62.52,true,TC-TEE-CREW,facebook
TC100547,2026-07-18,72.23,true,TC-TEE-CREW,meta
TC100548,2026-07-18,69.28,true,TC-TEE-CREW,
TC100549,2026-07-18,57.93,true,TC-TEE-CREW,meta
TC100550,2026-07-18,75.36,true,TC-TEE-CREW,meta
TC100551,2026-07-18,80.83,true,TC-TEE-CREW,meta
TC100552,2026-07-18,81.07,true,TC-TEE-CREW,facebook
TC100553,2026-07-18,60.15,true,TC-TEE-CREW,meta
TC100554,2026-07-18,54.94,true,TC-TEE-CREW,facebook
TC100555,2026-07-18,77.32,true,TC-TEE-CREW,meta
TC100556,2026-07-18,71.99,true,TC-TEE-CREW,meta
TC100557,2026-07-18,66.55,true,TC-TEE-CREW,instagram
TC100558,2026-07-18,60.64,true,TC-TEE-CREW,instagram
TC100559,2026-07-18,83.80,true,TC-TEE-CREW,facebook
TC100560,2026-07-18,64.35,true,TC-TEE-CREW,meta
TC100561,2026-07-18,65.47,true,TC-TEE-CREW,facebook
TC100562,2026-07-18,64.53,true,TC-TEE-CREW,meta
TC100563,2026-07-18,64.00,true,TC-TEE-CREW,meta
TC100564,2026-07-18,54.23,true,TC-TEE-CREW,facebook
TC100565,2026-07-18,88.13,false,TC-TEE-CREW,meta
TC100566,2026-07-18,58.90,false,TC-TEE-CREW,facebook
TC100567,2026-07-18,65.92,false,TC-TEE-CREW,
TC100568,2026-07-18,71.72,false,TC-TEE-CREW,
TC100569,2026-07-18,69.09,false,TC-TEE-CREW,
TC100570,2026-07-18,69.15,false,TC-TEE-CREW,instagram
TC100571,2026-07-18,89.09,false,TC-TEE-CREW,meta
TC100572,2026-07-18,45.45,false,TC-TEE-CREW,meta
TC100573,2026-07-18,70.49,true,TC-TEE-CREW,
TC100574,2026-07-18,66.29,true,TC-TEE-CREW,instagram
TC100575,2026-07-18,66.81,true,TC-TEE-CREW,meta
TC100576,2026-07-18,76.82,true,TC-TEE-CREW,instagram
TC100577,2026-07-18,64.72,true,TC-TEE-CREW,meta
TC100578,2026-07-18,57.69,true,TC-TEE-CREW,instagram
TC100579,2026-07-18,61.06,false,TC-TEE-CREW,
TC100580,2026-07-18,75.01,false,TC-TEE-CREW,meta
TC100581,2026-07-18,79.73,false,TC-TEE-CREW,facebook
TC100582,2026-07-18,81.38,false,TC-TEE-CREW,meta
TC100583,2026-07-18,78.26,false,TC-TEE-CREW,instagram
TC100584,2026-07-18,79.96,false,TC-TEE-CREW,meta
TC100585,2026-07-18,87.48,false,TC-TEE-CREW,
TC100586,2026-07-18,71.61,false,TC-TEE-CREW,instagram
TC100587,2026-07-18,73.24,false,TC-TEE-CREW,
TC100588,2026-07-18,88.14,false,TC-TEE-CREW,instagram
TC100589,2026-07-18,64.73,false,TC-TEE-CREW,meta
TC100590,2026-07-18,59.96,false,TC-TEE-CREW,meta
TC100591,2026-07-18,74.25,false,TC-TEE-CREW,facebook
TC100592,2026-07-18,71.52,false,TC-TEE-CREW,instagram
TC100593,2026-07-18,66.62,false,TC-TEE-CREW,
TC100594,2026-07-18,73.55,false,TC-TEE-CREW,facebook
TC100595,2026-07-18,75.55,false,TC-TEE-CREW,facebook
TC100596,2026-07-18,70.15,false,TC-TEE-CREW,facebook
TC100597,2026-07-18,81.27,false,TC-TEE-CREW,
TC100598,2026-07-18,64.48,false,TC-TEE-CREW,
TC100599,2026-07-18,68.60,false,TC-TEE-CREW,facebook
TC100600,2026-07-18,53.18,false,TC-TEE-CREW,instagram
TC100601,2026-07-18,63.40,true,TC-TEE-CREW,facebook
TC100602,2026-07-18,82.43,true,TC-TEE-CREW,
TC100603,2026-07-18,67.73,true,TC-TEE-CREW,instagram
TC100604,2026-07-18,92.17,true,TC-TEE-CREW,instagram
TC100605,2026-07-18,83.04,true,TC-TEE-CREW,meta
TC100606,2026-07-18,90.80,true,TC-TEE-CREW,instagram
TC100607,2026-07-18,92.46,true,TC-TEE-CREW,instagram
TC100608,2026-07-18,90.71,true,TC-TEE-CREW,meta
TC100609,2026-07-18,64.67,true,TC-TEE-CREW,
TC100610,2026-07-18,78.47,false,TC-TEE-CREW,
TC100611,2026-07-18,8.72,false,TC-TEE-CREW,
TC100612,2026-07-18,82.49,true,TC-UND-BOXER,
TC100613,2026-07-18,63.27,true,TC-UND-BOXER,instagram
TC100614,2026-07-18,77.29,true,TC-UND-BOXER,meta
TC100615,2026-07-18,86.98,true,TC-UND-BOXER,instagram
TC100616,2026-07-18,59.19,true,TC-UND-BOXER,
TC100617,2026-07-18,66.41,false,TC-UND-BOXER,instagram
TC100618,2026-07-18,99.46,false,TC-UND-BOXER,meta
TC100619,2026-07-18,65.72,true,TC-MIXED,facebook
TC100620,2026-07-18,76.20,false,TC-MIXED,meta
TC100621,2026-07-18,72.86,false,TC-MIXED,instagram
TC100622,2026-07-18,66.34,false,TC-MIXED,facebook
TC100623,2026-07-18,71.89,false,TC-MIXED,facebook
TC100624,2026-07-18,91.66,false,TC-MIXED,facebook
TC100625,2026-07-18,72.73,false,TC-MIXED,
TC100626,2026-07-18,91.16,false,TC-MIXED,facebook
TC100627,2026-07-18,78.84,false,TC-MIXED,meta
TC100628,2026-07-18,58.12,false,TC-MIXED,instagram
TC100629,2026-07-18,83.56,false,TC-MIXED,facebook
TC100630,2026-07-18,89.93,false,TC-MIXED,meta
TC100631,2026-07-18,42.39,false,TC-MIXED,facebook
TC100632,2026-07-18,72.12,true,TC-TEE-CREW,
TC100633,2026-07-18,74.78,true,TC-TEE-CREW,google_ads
TC100634,2026-07-18,55.60,true,TC-TEE-CREW,cpc
TC100635,2026-07-18,74.51,true,TC-TEE-CREW,
TC100636,2026-07-18,87.10,true,TC-TEE-CREW,google_ads
TC100637,2026-07-18,82.88,true,TC-TEE-CREW,
TC100638,2026-07-18,85.90,true,TC-TEE-CREW,google
TC100639,2026-07-18,86.55,true,TC-TEE-CREW,cpc
TC100640,2026-07-18,68.29,true,TC-TEE-CREW,google_ads
TC100641,2026-07-18,85.96,true,TC-TEE-CREW,google_ads
TC100642,2026-07-18,73.52,true,TC-TEE-CREW,cpc
TC100643,2026-07-18,84.83,true,TC-TEE-CREW,cpc
TC100644,2026-07-18,67.46,true,TC-TEE-CREW,google
TC100645,2026-07-18,79.38,true,TC-TEE-CREW,cpc
TC100646,2026-07-18,60.78,true,TC-TEE-CREW,cpc
TC100647,2026-07-18,59.47,true,TC-TEE-CREW,google
TC100648,2026-07-18,85.92,true,TC-TEE-CREW,google
TC100649,2026-07-18,87.94,true,TC-TEE-CREW,google
TC100650,2026-07-18,54.34,true,TC-TEE-CREW,
TC100651,2026-07-18,75.64,true,TC-TEE-CREW,google_ads
TC100652,2026-07-18,71.56,true,TC-TEE-CREW,
TC100653,2026-07-18,72.05,true,TC-TEE-CREW,google_ads
TC100654,2026-07-18,82.81,true,TC-TEE-CREW,cpc
TC100655,2026-07-18,78.83,true,TC-TEE-CREW,google_ads
TC100656,2026-07-18,72.97,true,TC-TEE-CREW,google
TC100657,2026-07-18,62.75,true,TC-TEE-CREW,google
TC100658,2026-07-18,88.38,true,TC-TEE-CREW,
TC100659,2026-07-18,72.48,true,TC-TEE-CREW,google_ads
TC100660,2026-07-18,83.91,true,TC-TEE-CREW,google_ads
TC100661,2026-07-18,58.98,false,TC-TEE-CREW,google_ads
TC100662,2026-07-18,83.14,false,TC-TEE-CREW,google
TC100663,2026-07-18,57.83,false,TC-TEE-CREW,cpc
TC100664,2026-07-18,80.80,false,TC-TEE-CREW,cpc
TC100665,2026-07-18,81.79,false,TC-TEE-CREW,google
TC100666,2026-07-18,67.64,false,TC-TEE-CREW,google_ads
TC100667,2026-07-18,59.03,false,TC-TEE-CREW,
TC100668,2026-07-18,73.54,false,TC-TEE-CREW,google
TC100669,2026-07-18,62.63,false,TC-TEE-CREW,google
TC100670,2026-07-18,70.54,false,TC-TEE-CREW,
TC100671,2026-07-18,54.01,false,TC-TEE-CREW,
TC100672,2026-07-18,62.28,false,TC-TEE-CREW,
TC100673,2026-07-18,68.06,false,TC-TEE-CREW,google_ads
TC100674,2026-07-18,58.19,false,TC-TEE-CREW,google
TC100675,2026-07-18,62.38,false,TC-TEE-CREW,google_ads
TC100676,2026-07-18,79.24,false,TC-TEE-CREW,
TC100677,2026-07-18,71.41,false,TC-TEE-CREW,cpc
TC100678,2026-07-18,73.03,false,TC-TEE-CREW,cpc
TC100679,2026-07-18,67.36,false,TC-TEE-CREW,google
TC100680,2026-07-18,64.71,false,TC-TEE-CREW,google_ads
TC100681,2026-07-18,60.85,false,TC-TEE-CREW,google
TC100682,2026-07-18,62.37,false,TC-TEE-CREW,google
TC100683,2026-07-18,58.78,false,TC-TEE-CREW,cpc
TC100684,2026-07-18,79.41,false,TC-TEE-CREW,
TC100685,2026-07-18,89.13,false,TC-TEE-CREW,google
TC100686,2026-07-18,79.61,false,TC-TEE-CREW,
TC100687,2026-07-18,89.65,false,TC-TEE-CREW,cpc
TC100688,2026-07-18,63.80,false,TC-TEE-CREW,
TC100689,2026-07-18,85.64,false,TC-TEE-CREW,cpc
TC100690,2026-07-18,68.15,false,TC-TEE-CREW,google
TC100691,2026-07-18,58.91,false,TC-TEE-CREW,cpc
TC100692,2026-07-18,77.37,false,TC-TEE-CREW,google_ads
TC100693,2026-07-18,76.60,false,TC-TEE-CREW,cpc
TC100694,2026-07-18,89.56,false,TC-TEE-CREW,
TC100695,2026-07-18,82.05,false,TC-TEE-CREW,google
TC100696,2026-07-18,84.85,false,TC-TEE-CREW,google_ads
TC100697,2026-07-18,59.90,false,TC-TEE-CREW,cpc
TC100698,2026-07-18,62.60,false,TC-TEE-CREW,google
TC100699,2026-07-18,85.44,false,TC-TEE-CREW,cpc
TC100700,2026-07-18,78.88,false,TC-TEE-CREW,
TC100701,2026-07-18,72.80,false,TC-TEE-CREW,google_ads
TC100702,2026-07-18,51.08,false,TC-TEE-CREW,google
TC100703,2026-07-18,5.68,false,TC-TEE-CREW,google
TC100704,2026-07-18,75.58,true,TC-TEE-CREW,cpc
TC100705,2026-07-18,86.90,true,TC-TEE-CREW,google
TC100706,2026-07-18,84.69,true,TC-TEE-CREW,
TC100707,2026-07-18,75.43,true,TC-TEE-CREW,cpc
TC100708,2026-07-18,62.81,true,TC-TEE-CREW,google_ads
TC100709,2026-07-18,87.46,true,TC-TEE-CREW,google_ads
TC100710,2026-07-18,67.11,true,TC-TEE-CREW,google_ads
TC100711,2026-07-18,88.55,true,TC-TEE-CREW,cpc
TC100712,2026-07-18,89.28,true,TC-TEE-CREW,
TC100713,2026-07-18,71.54,true,TC-TEE-CREW,cpc
TC100714,2026-07-18,61.79,true,TC-TEE-CREW,cpc
TC100715,2026-07-18,79.18,true,TC-TEE-CREW,google
TC100716,2026-07-18,73.16,true,TC-TEE-CREW,google_ads
TC100717,2026-07-18,61.74,true,TC-TEE-CREW,cpc
TC100718,2026-07-18,75.61,true,TC-TEE-CREW,google_ads
TC100719,2026-07-18,60.47,true,TC-TEE-CREW,google_ads
TC100720,2026-07-18,67.79,true,TC-TEE-CREW,
TC100721,2026-07-18,80.71,true,TC-TEE-CREW,google_ads
TC100722,2026-07-18,71.69,true,TC-TEE-CREW,
TC100723,2026-07-18,74.01,true,TC-TEE-CREW,cpc
TC100724,2026-07-18,63.69,true,TC-TEE-CREW,
TC100725,2026-07-18,72.70,true,TC-TEE-CREW,google
TC100726,2026-07-18,73.23,true,TC-TEE-CREW,cpc
TC100727,2026-07-18,73.47,true,TC-TEE-CREW,google
TC100728,2026-07-18,72.30,true,TC-TEE-CREW,cpc
TC100729,2026-07-18,71.18,true,TC-TEE-CREW,
TC100730,2026-07-18,84.03,false,TC-TEE-CREW,google_ads
TC100731,2026-07-18,54.11,false,TC-TEE-CREW,cpc
TC100732,2026-07-18,62.04,false,TC-TEE-CREW,google_ads
TC100733,2026-07-18,75.67,false,TC-TEE-CREW,google_ads
TC100734,2026-07-18,19.98,false,TC-TEE-CREW,cpc
TC100735,2026-07-18,69.29,true,TC-SHIRT-OXFORD,google_ads
TC100736,2026-07-18,83.35,true,TC-SHIRT-OXFORD,google_ads
TC100737,2026-07-18,72.23,true,TC-SHIRT-OXFORD,google_ads
TC100738,2026-07-18,72.40,true,TC-SHIRT-OXFORD,cpc
TC100739,2026-07-18,74.07,true,TC-SHIRT-OXFORD,google_ads
TC100740,2026-07-18,65.08,true,TC-SHIRT-OXFORD,
TC100741,2026-07-18,54.74,true,TC-SHIRT-OXFORD,google
TC100742,2026-07-18,65.63,true,TC-SHIRT-OXFORD,google
TC100743,2026-07-18,60.67,true,TC-SHIRT-OXFORD,
TC100744,2026-07-18,66.02,false,TC-SHIRT-OXFORD,google_ads
TC100745,2026-07-18,59.01,false,TC-SHIRT-OXFORD,
TC100746,2026-07-18,81.07,false,TC-SHIRT-OXFORD,
TC100747,2026-07-18,81.44,false,TC-SHIRT-OXFORD,
TC100748,2026-07-18,78.00,false,TC-SHIRT-OXFORD,cpc
TC100749,2026-07-18,57.70,false,TC-SHIRT-OXFORD,google
TC100750,2026-07-18,78.52,false,TC-SHIRT-OXFORD,cpc
TC100751,2026-07-18,69.62,false,TC-SHIRT-OXFORD,google
TC100752,2026-07-18,55.49,false,TC-SHIRT-OXFORD,cpc
TC100753,2026-07-18,103.97,false,TC-SHIRT-OXFORD,google_ads
TC100754,2026-07-18,56.14,true,TC-TEE-CREW,cpc
TC100755,2026-07-18,80.35,true,TC-TEE-CREW,
TC100756,2026-07-18,76.64,true,TC-TEE-CREW,google
TC100757,2026-07-18,56.73,true,TC-TEE-CREW,
TC100758,2026-07-18,79.02,true,TC-TEE-CREW,google_ads
TC100759,2026-07-18,78.28,true,TC-TEE-CREW,
TC100760,2026-07-18,56.45,true,TC-TEE-CREW,cpc
TC100761,2026-07-18,84.98,true,TC-TEE-CREW,
TC100762,2026-07-18,72.67,true,TC-TEE-CREW,cpc
TC100763,2026-07-18,61.14,true,TC-TEE-CREW,
TC100764,2026-07-18,56.70,true,TC-TEE-CREW,google_ads
TC100765,2026-07-18,66.12,true,TC-TEE-CREW,google_ads
TC100766,2026-07-18,55.55,true,TC-TEE-CREW,google_ads
TC100767,2026-07-18,85.93,true,TC-TEE-CREW,google
TC100768,2026-07-18,65.01,true,TC-TEE-CREW,
TC100769,2026-07-18,85.28,true,TC-TEE-CREW,google
TC100770,2026-07-18,62.56,true,TC-TEE-CREW,cpc
TC100771,2026-07-18,77.61,true,TC-TEE-CREW,google
TC100772,2026-07-18,87.10,true,TC-TEE-CREW,
TC100773,2026-07-18,85.25,true,TC-TEE-CREW,google_ads
TC100774,2026-07-18,83.76,true,TC-TEE-CREW,google_ads
TC100775,2026-07-18,61.03,true,TC-TEE-CREW,cpc
TC100776,2026-07-18,83.19,true,TC-TEE-CREW,google
TC100777,2026-07-18,78.11,true,TC-TEE-CREW,google_ads
TC100778,2026-07-18,71.05,true,TC-TEE-CREW,google_ads
TC100779,2026-07-18,62.34,true,TC-TEE-CREW,cpc
TC100780,2026-07-18,81.13,false,TC-TEE-CREW,google
TC100781,2026-07-18,62.41,false,TC-TEE-CREW,google_ads
TC100782,2026-07-18,85.16,false,TC-TEE-CREW,cpc
TC100783,2026-07-18,78.24,false,TC-TEE-CREW,google
TC100784,2026-07-18,67.56,false,TC-TEE-CREW,cpc
TC100785,2026-07-18,80.78,false,TC-TEE-CREW,cpc
TC100786,2026-07-18,66.97,false,TC-TEE-CREW,cpc
TC100787,2026-07-19,90.32,true,TC-TEE-CREW,meta
TC100788,2026-07-19,65.37,true,TC-TEE-CREW,facebook
TC100789,2026-07-19,75.33,true,TC-TEE-CREW,facebook
TC100790,2026-07-19,59.43,true,TC-TEE-CREW,facebook
TC100791,2026-07-19,56.55,true,TC-TEE-CREW,instagram
TC100792,2026-07-19,69.19,true,TC-TEE-CREW,meta
TC100793,2026-07-19,62.07,true,TC-TEE-CREW,facebook
TC100794,2026-07-19,86.96,true,TC-TEE-CREW,facebook
TC100795,2026-07-19,66.00,true,TC-TEE-CREW,
TC100796,2026-07-19,86.01,true,TC-TEE-CREW,
TC100797,2026-07-19,84.79,true,TC-TEE-CREW,
TC100798,2026-07-19,77.74,true,TC-TEE-CREW,instagram
TC100799,2026-07-19,59.94,true,TC-TEE-CREW,facebook
TC100800,2026-07-19,63.55,true,TC-TEE-CREW,
TC100801,2026-07-19,84.13,true,TC-TEE-CREW,
TC100802,2026-07-19,66.34,true,TC-TEE-CREW,facebook
TC100803,2026-07-19,57.36,true,TC-TEE-CREW,
TC100804,2026-07-19,81.67,true,TC-TEE-CREW,instagram
TC100805,2026-07-19,56.53,true,TC-TEE-CREW,
TC100806,2026-07-19,60.86,true,TC-TEE-CREW,instagram
TC100807,2026-07-19,69.15,true,TC-TEE-CREW,
TC100808,2026-07-19,56.64,true,TC-TEE-CREW,meta
TC100809,2026-07-19,84.17,true,TC-TEE-CREW,meta
TC100810,2026-07-19,62.57,true,TC-TEE-CREW,meta
TC100811,2026-07-19,62.19,true,TC-TEE-CREW,meta
TC100812,2026-07-19,76.28,true,TC-TEE-CREW,meta
TC100813,2026-07-19,87.97,true,TC-TEE-CREW,
TC100814,2026-07-19,62.99,true,TC-TEE-CREW,instagram
TC100815,2026-07-19,82.35,true,TC-TEE-CREW,meta
TC100816,2026-07-19,58.88,true,TC-TEE-CREW,meta
TC100817,2026-07-19,66.37,true,TC-TEE-CREW,facebook
TC100818,2026-07-19,54.49,true,TC-TEE-CREW,meta
TC100819,2026-07-19,64.27,true,TC-TEE-CREW,facebook
TC100820,2026-07-19,79.23,true,TC-TEE-CREW,facebook
TC100821,2026-07-19,57.14,true,TC-TEE-CREW,
TC100822,2026-07-19,54.57,true,TC-TEE-CREW,instagram
TC100823,2026-07-19,90.52,true,TC-TEE-CREW,instagram
TC100824,2026-07-19,54.80,true,TC-TEE-CREW,
TC100825,2026-07-19,76.53,true,TC-TEE-CREW,meta
TC100826,2026-07-19,71.08,true,TC-TEE-CREW,instagram
TC100827,2026-07-19,83.37,true,TC-TEE-CREW,facebook
TC100828,2026-07-19,62.68,true,TC-TEE-CREW,
TC100829,2026-07-19,72.06,true,TC-TEE-CREW,facebook
TC100830,2026-07-19,81.13,true,TC-TEE-CREW,facebook
TC100831,2026-07-19,54.82,true,TC-TEE-CREW,instagram
TC100832,2026-07-19,89.29,true,TC-TEE-CREW,instagram
TC100833,2026-07-19,70.45,true,TC-TEE-CREW,meta
TC100834,2026-07-19,59.84,false,TC-TEE-CREW,
TC100835,2026-07-19,79.87,false,TC-TEE-CREW,meta
TC100836,2026-07-19,84.11,false,TC-TEE-CREW,facebook
TC100837,2026-07-19,84.97,false,TC-TEE-CREW,facebook
TC100838,2026-07-19,59.08,false,TC-TEE-CREW,
TC100839,2026-07-19,65.38,false,TC-TEE-CREW,meta
TC100840,2026-07-19,63.35,false,TC-TEE-CREW,facebook
TC100841,2026-07-19,72.79,false,TC-TEE-CREW,meta
TC100842,2026-07-19,81.95,false,TC-TEE-CREW,meta
TC100843,2026-07-19,77.36,false,TC-TEE-CREW,instagram
TC100844,2026-07-19,187.01,false,TC-TEE-CREW,
TC100845,2026-07-19,66.88,true,TC-TEE-CREW,
TC100846,2026-07-19,58.57,true,TC-TEE-CREW,meta
TC100847,2026-07-19,85.82,true,TC-TEE-CREW,instagram
TC100848,2026-07-19,60.24,true,TC-TEE-CREW,meta
TC100849,2026-07-19,57.14,true,TC-TEE-CREW,
TC100850,2026-07-19,81.31,false,TC-TEE-CREW,instagram
TC100851,2026-07-19,64.39,false,TC-TEE-CREW,instagram
TC100852,2026-07-19,73.52,false,TC-TEE-CREW,instagram
TC100853,2026-07-19,79.70,false,TC-TEE-CREW,
TC100854,2026-07-19,69.62,false,TC-TEE-CREW,facebook
TC100855,2026-07-19,57.46,false,TC-TEE-CREW,meta
TC100856,2026-07-19,63.68,false,TC-TEE-CREW,instagram
TC100857,2026-07-19,62.89,false,TC-TEE-CREW,
TC100858,2026-07-19,74.66,false,TC-TEE-CREW,instagram
TC100859,2026-07-19,88.11,false,TC-TEE-CREW,facebook
TC100860,2026-07-19,72.08,false,TC-TEE-CREW,
TC100861,2026-07-19,78.45,false,TC-TEE-CREW,
TC100862,2026-07-19,64.95,false,TC-TEE-CREW,
TC100863,2026-07-19,70.26,false,TC-TEE-CREW,
TC100864,2026-07-19,68.46,false,TC-TEE-CREW,instagram
TC100865,2026-07-19,75.03,false,TC-TEE-CREW,facebook
TC100866,2026-07-19,71.67,false,TC-TEE-CREW,
TC100867,2026-07-19,72.72,false,TC-TEE-CREW,facebook
TC100868,2026-07-19,76.28,false,TC-TEE-CREW,meta
TC100869,2026-07-19,68.94,false,TC-TEE-CREW,facebook
TC100870,2026-07-19,80.81,false,TC-TEE-CREW,
TC100871,2026-07-19,81.48,false,TC-TEE-CREW,facebook
TC100872,2026-07-19,64.10,false,TC-TEE-CREW,
TC100873,2026-07-19,73.67,true,TC-TEE-CREW,
TC100874,2026-07-19,56.75,true,TC-TEE-CREW,instagram
TC100875,2026-07-19,79.12,true,TC-TEE-CREW,meta
TC100876,2026-07-19,74.37,true,TC-TEE-CREW,meta
TC100877,2026-07-19,76.23,true,TC-TEE-CREW,meta
TC100878,2026-07-19,77.39,true,TC-TEE-CREW,instagram
TC100879,2026-07-19,81.14,true,TC-TEE-CREW,meta
TC100880,2026-07-19,80.60,true,TC-TEE-CREW,facebook
TC100881,2026-07-19,59.40,true,TC-TEE-CREW,
TC100882,2026-07-19,58.26,true,TC-TEE-CREW,meta
TC100883,2026-07-19,90.30,false,TC-TEE-CREW,meta
TC100884,2026-07-19,73.20,false,TC-TEE-CREW,
TC100885,2026-07-19,74.06,false,TC-TEE-CREW,meta
TC100886,2026-07-19,62.77,true,TC-UND-BOXER,
TC100887,2026-07-19,80.91,true,TC-UND-BOXER,
TC100888,2026-07-19,89.60,true,TC-UND-BOXER,
TC100889,2026-07-19,83.16,true,TC-UND-BOXER,instagram
TC100890,2026-07-19,72.25,true,TC-UND-BOXER,instagram
TC100891,2026-07-19,79.74,true,TC-UND-BOXER,facebook
TC100892,2026-07-19,63.66,false,TC-UND-BOXER,instagram
TC100893,2026-07-19,88.76,true,TC-MIXED,instagram
TC100894,2026-07-19,68.28,false,TC-MIXED,instagram
TC100895,2026-07-19,67.32,false,TC-MIXED,facebook
TC100896,2026-07-19,62.81,false,TC-MIXED,meta
TC100897,2026-07-19,55.70,false,TC-MIXED,meta
TC100898,2026-07-19,87.17,false,TC-MIXED,facebook
TC100899,2026-07-19,73.01,false,TC-MIXED,meta
TC100900,2026-07-19,55.46,false,TC-MIXED,facebook
TC100901,2026-07-19,83.89,false,TC-MIXED,meta
TC100902,2026-07-19,75.72,false,TC-UNKNOWN-CLEARANCE,meta
TC100903,2026-07-19,57.10,false,TC-MIXED,
TC100904,2026-07-19,79.96,false,TC-MIXED,facebook
TC100905,2026-07-19,94.02,false,TC-MIXED,
TC100906,2026-07-19,75.68,true,TC-TEE-CREW,cpc
TC100907,2026-07-19,57.25,true,TC-TEE-CREW,
TC100908,2026-07-19,89.73,true,TC-TEE-CREW,google_ads
TC100909,2026-07-19,89.57,true,TC-TEE-CREW,
TC100910,2026-07-19,88.91,true,TC-TEE-CREW,cpc
TC100911,2026-07-19,69.89,true,TC-TEE-CREW,google_ads
TC100912,2026-07-19,60.51,true,TC-TEE-CREW,google
TC100913,2026-07-19,72.81,true,TC-TEE-CREW,google_ads
TC100914,2026-07-19,77.00,true,TC-TEE-CREW,
TC100915,2026-07-19,67.89,true,TC-TEE-CREW,
TC100916,2026-07-19,88.31,true,TC-TEE-CREW,cpc
TC100917,2026-07-19,57.17,true,TC-TEE-CREW,cpc
TC100918,2026-07-19,66.55,true,TC-TEE-CREW,google
TC100919,2026-07-19,66.42,true,TC-TEE-CREW,cpc
TC100920,2026-07-19,57.84,true,TC-TEE-CREW,cpc
TC100921,2026-07-19,74.38,true,TC-TEE-CREW,cpc
TC100922,2026-07-19,72.81,true,TC-TEE-CREW,google_ads
TC100923,2026-07-19,89.73,true,TC-TEE-CREW,
TC100924,2026-07-19,88.36,true,TC-TEE-CREW,google
TC100925,2026-07-19,65.05,true,TC-TEE-CREW,
TC100926,2026-07-19,56.36,true,TC-TEE-CREW,cpc
TC100927,2026-07-19,72.90,true,TC-TEE-CREW,google_ads
TC100928,2026-07-19,84.24,true,TC-TEE-CREW,google
TC100929,2026-07-19,74.34,true,TC-TEE-CREW,cpc
TC100930,2026-07-19,72.73,true,TC-TEE-CREW,
TC100931,2026-07-19,64.10,true,TC-TEE-CREW,google_ads
TC100932,2026-07-19,88.75,true,TC-TEE-CREW,google_ads
TC100933,2026-07-19,66.09,true,TC-TEE-CREW,cpc
TC100934,2026-07-19,76.49,true,TC-TEE-CREW,google_ads
TC100935,2026-07-19,81.52,true,TC-TEE-CREW,
TC100936,2026-07-19,76.97,true,TC-TEE-CREW,google_ads
TC100937,2026-07-19,73.63,true,TC-TEE-CREW,google
TC100938,2026-07-19,61.91,true,TC-TEE-CREW,google
TC100939,2026-07-19,55.36,true,TC-TEE-CREW,google_ads
TC100940,2026-07-19,85.20,true,TC-TEE-CREW,google_ads
TC100941,2026-07-19,76.75,true,TC-TEE-CREW,google
TC100942,2026-07-19,73.47,true,TC-TEE-CREW,cpc
TC100943,2026-07-19,70.65,true,TC-TEE-CREW,google
TC100944,2026-07-19,66.65,true,TC-TEE-CREW,google
TC100945,2026-07-19,71.71,true,TC-TEE-CREW,google_ads
TC100946,2026-07-19,86.28,false,TC-TEE-CREW,google
TC100947,2026-07-19,84.91,false,TC-TEE-CREW,
TC100948,2026-07-19,83.73,false,TC-TEE-CREW,google_ads
TC100949,2026-07-19,82.85,false,TC-TEE-CREW,google
TC100950,2026-07-19,79.34,false,TC-TEE-CREW,google_ads
TC100951,2026-07-19,54.22,false,TC-TEE-CREW,google
TC100952,2026-07-19,82.95,false,TC-TEE-CREW,cpc
TC100953,2026-07-19,80.02,false,TC-TEE-CREW,google_ads
TC100954,2026-07-19,86.53,false,TC-TEE-CREW,cpc
TC100955,2026-07-19,72.80,false,TC-TEE-CREW,google
TC100956,2026-07-19,78.24,false,TC-TEE-CREW,google
TC100957,2026-07-19,88.93,false,TC-TEE-CREW,
TC100958,2026-07-19,81.44,false,TC-TEE-CREW,cpc
TC100959,2026-07-19,59.26,false,TC-TEE-CREW,google
TC100960,2026-07-19,60.43,false,TC-TEE-CREW,
TC100961,2026-07-19,63.67,false,TC-TEE-CREW,google_ads
TC100962,2026-07-19,55.18,false,TC-TEE-CREW,cpc
TC100963,2026-07-19,66.67,false,TC-TEE-CREW,google_ads
TC100964,2026-07-19,63.95,false,TC-TEE-CREW,google_ads
TC100965,2026-07-19,59.92,false,TC-TEE-CREW,cpc
TC100966,2026-07-19,71.83,false,TC-TEE-CREW,cpc
TC100967,2026-07-19,67.58,false,TC-TEE-CREW,google_ads
TC100968,2026-07-19,67.33,false,TC-TEE-CREW,google_ads
TC100969,2026-07-19,62.58,false,TC-TEE-CREW,google
TC100970,2026-07-19,85.92,false,TC-TEE-CREW,google_ads
TC100971,2026-07-19,75.61,false,TC-TEE-CREW,google
TC100972,2026-07-19,86.78,false,TC-TEE-CREW,google
TC100973,2026-07-19,78.19,false,TC-TEE-CREW,cpc
TC100974,2026-07-19,60.72,false,TC-TEE-CREW,google_ads
TC100975,2026-07-19,65.11,false,TC-TEE-CREW,google_ads
TC100976,2026-07-19,67.78,false,TC-TEE-CREW,
TC100977,2026-07-19,61.34,false,TC-TEE-CREW,
TC100978,2026-07-19,63.98,false,TC-TEE-CREW,
TC100979,2026-07-19,83.73,false,TC-TEE-CREW,
TC100980,2026-07-19,77.32,false,TC-TEE-CREW,google_ads
TC100981,2026-07-19,69.83,false,TC-TEE-CREW,google_ads
TC100982,2026-07-19,52.12,false,TC-TEE-CREW,google
TC100983,2026-07-19,5.79,false,TC-TEE-CREW,google
TC100984,2026-07-19,63.16,true,TC-TEE-CREW,cpc
TC100985,2026-07-19,64.65,true,TC-TEE-CREW,cpc
TC100986,2026-07-19,79.78,true,TC-TEE-CREW,cpc
TC100987,2026-07-19,63.98,true,TC-TEE-CREW,google_ads
TC100988,2026-07-19,62.65,true,TC-TEE-CREW,cpc
TC100989,2026-07-19,88.27,true,TC-TEE-CREW,google_ads
TC100990,2026-07-19,64.96,true,TC-TEE-CREW,google_ads
TC100991,2026-07-19,86.27,true,TC-TEE-CREW,cpc
TC100992,2026-07-19,69.12,true,TC-TEE-CREW,cpc
TC100993,2026-07-19,81.90,true,TC-TEE-CREW,
TC100994,2026-07-19,74.35,true,TC-TEE-CREW,google
TC100995,2026-07-19,84.20,true,TC-TEE-CREW,google
TC100996,2026-07-19,55.85,true,TC-TEE-CREW,
TC100997,2026-07-19,59.51,true,TC-TEE-CREW,google
TC100998,2026-07-19,64.58,true,TC-TEE-CREW,google_ads
TC100999,2026-07-19,82.02,true,TC-TEE-CREW,
TC101000,2026-07-19,70.49,true,TC-TEE-CREW,cpc
TC101001,2026-07-19,76.36,true,TC-TEE-CREW,cpc
TC101002,2026-07-19,69.98,true,TC-TEE-CREW,google_ads
TC101003,2026-07-19,60.23,true,TC-TEE-CREW,google_ads
TC101004,2026-07-19,60.59,true,TC-TEE-CREW,
TC101005,2026-07-19,84.88,true,TC-TEE-CREW,google_ads
TC101006,2026-07-19,79.77,true,TC-TEE-CREW,
TC101007,2026-07-19,61.28,true,TC-TEE-CREW,google
TC101008,2026-07-19,54.52,false,TC-TEE-CREW,google
TC101009,2026-07-19,74.03,false,TC-TEE-CREW,cpc
TC101010,2026-07-19,54.86,false,TC-TEE-CREW,
TC101011,2026-07-19,74.61,false,TC-TEE-CREW,google
TC101012,2026-07-19,121.39,false,TC-TEE-CREW,
TC101013,2026-07-19,69.64,true,TC-SHIRT-OXFORD,google
TC101014,2026-07-19,71.93,true,TC-SHIRT-OXFORD,
TC101015,2026-07-19,75.31,true,TC-SHIRT-OXFORD,google
TC101016,2026-07-19,55.66,true,TC-SHIRT-OXFORD,cpc
TC101017,2026-07-19,53.13,true,TC-SHIRT-OXFORD,cpc
TC101018,2026-07-19,64.58,true,TC-SHIRT-OXFORD,google_ads
TC101019,2026-07-19,56.54,true,TC-SHIRT-OXFORD,
TC101020,2026-07-19,71.96,true,TC-SHIRT-OXFORD,
TC101021,2026-07-19,70.72,false,TC-SHIRT-OXFORD,google_ads
TC101022,2026-07-19,73.68,false,TC-SHIRT-OXFORD,
TC101023,2026-07-19,75.08,false,TC-SHIRT-OXFORD,google
TC101024,2026-07-19,77.19,false,TC-SHIRT-OXFORD,
TC101025,2026-07-19,80.62,false,TC-SHIRT-OXFORD,cpc
TC101026,2026-07-19,60.44,false,TC-SHIRT-OXFORD,
TC101027,2026-07-19,75.08,false,TC-SHIRT-OXFORD,
TC101028,2026-07-19,71.33,false,TC-SHIRT-OXFORD,
TC101029,2026-07-19,94.87,false,TC-SHIRT-OXFORD,cpc
TC101030,2026-07-19,81.93,true,TC-TEE-CREW,google
TC101031,2026-07-19,65.57,true,TC-TEE-CREW,google
TC101032,2026-07-19,86.26,true,TC-TEE-CREW,
TC101033,2026-07-19,73.59,true,TC-TEE-CREW,cpc
TC101034,2026-07-19,85.47,true,TC-TEE-CREW,google_ads
TC101035,2026-07-19,54.86,true,TC-TEE-CREW,google
TC101036,2026-07-19,58.04,true,TC-TEE-CREW,google_ads
TC101037,2026-07-19,84.83,true,TC-TEE-CREW,cpc
TC101038,2026-07-19,76.07,true,TC-TEE-CREW,google
TC101039,2026-07-19,87.18,true,TC-TEE-CREW,google_ads
TC101040,2026-07-19,56.97,true,TC-TEE-CREW,google
TC101041,2026-07-19,70.77,true,TC-TEE-CREW,
TC101042,2026-07-19,59.85,true,TC-TEE-CREW,
TC101043,2026-07-19,66.59,true,TC-TEE-CREW,cpc
TC101044,2026-07-19,84.57,true,TC-TEE-CREW,cpc
TC101045,2026-07-19,89.61,true,TC-TEE-CREW,
TC101046,2026-07-19,87.42,true,TC-TEE-CREW,google
TC101047,2026-07-19,69.93,true,TC-TEE-CREW,cpc
TC101048,2026-07-19,76.47,true,TC-TEE-CREW,google_ads
TC101049,2026-07-19,78.09,true,TC-TEE-CREW,google_ads
TC101050,2026-07-19,59.17,true,TC-TEE-CREW,cpc
TC101051,2026-07-19,64.90,true,TC-TEE-CREW,cpc
TC101052,2026-07-19,67.47,true,TC-TEE-CREW,google
TC101053,2026-07-19,56.06,true,TC-TEE-CREW,
TC101054,2026-07-19,69.06,true,TC-TEE-CREW,
TC101055,2026-07-19,58.16,true,TC-TEE-CREW,
TC101056,2026-07-19,62.44,true,TC-TEE-CREW,google
TC101057,2026-07-19,73.24,true,TC-TEE-CREW,
TC101058,2026-07-19,56.00,false,TC-TEE-CREW,google
TC101059,2026-07-19,57.86,false,TC-TEE-CREW,google
TC101060,2026-07-19,83.66,false,TC-TEE-CREW,cpc
TC101061,2026-07-19,78.93,false,TC-TEE-CREW,cpc
TC101062,2026-07-19,66.20,false,TC-TEE-CREW,google_ads
TC101063,2026-07-19,114.58,false,TC-TEE-CREW,google_ads
TC101064,2026-07-20,86.59,true,TC-TEE-CREW,instagram
TC101065,2026-07-20,62.94,true,TC-TEE-CREW,meta
TC101066,2026-07-20,80.92,true,TC-TEE-CREW,meta
TC101067,2026-07-20,68.47,true,TC-TEE-CREW,meta
TC101068,2026-07-20,56.15,true,TC-TEE-CREW,facebook
TC101069,2026-07-20,60.66,true,TC-TEE-CREW,facebook
TC101070,2026-07-20,66.68,true,TC-TEE-CREW,instagram
TC101071,2026-07-20,65.06,true,TC-TEE-CREW,
TC101072,2026-07-20,64.60,true,TC-TEE-CREW,instagram
TC101073,2026-07-20,84.98,true,TC-TEE-CREW,meta
TC101074,2026-07-20,82.89,true,TC-TEE-CREW,
TC101075,2026-07-20,82.56,true,TC-TEE-CREW,instagram
TC101076,2026-07-20,80.53,true,TC-TEE-CREW,instagram
TC101077,2026-07-20,76.69,true,TC-TEE-CREW,facebook
TC101078,2026-07-20,84.41,true,TC-TEE-CREW,instagram
TC101079,2026-07-20,81.60,true,TC-TEE-CREW,
TC101080,2026-07-20,90.07,true,TC-TEE-CREW,instagram
TC101081,2026-07-20,60.88,true,TC-TEE-CREW,
TC101082,2026-07-20,67.55,true,TC-TEE-CREW,instagram
TC101083,2026-07-20,89.80,true,TC-TEE-CREW,
TC101084,2026-07-20,75.79,true,TC-TEE-CREW,meta
TC101085,2026-07-20,70.64,true,TC-TEE-CREW,meta
TC101086,2026-07-20,73.77,true,TC-TEE-CREW,meta
TC101087,2026-07-20,60.11,true,TC-TEE-CREW,
TC101088,2026-07-20,81.50,true,TC-TEE-CREW,facebook
TC101089,2026-07-20,84.35,true,TC-TEE-CREW,facebook
TC101090,2026-07-20,62.71,true,TC-TEE-CREW,facebook
TC101091,2026-07-20,67.50,true,TC-TEE-CREW,meta
TC101092,2026-07-20,73.87,true,TC-TEE-CREW,facebook
TC101093,2026-07-20,84.74,true,TC-TEE-CREW,instagram
TC101094,2026-07-20,87.45,true,TC-TEE-CREW,instagram
TC101095,2026-07-20,86.02,true,TC-TEE-CREW,
TC101096,2026-07-20,70.37,true,TC-TEE-CREW,instagram
TC101097,2026-07-20,59.29,true,TC-TEE-CREW,facebook
TC101098,2026-07-20,86.24,true,TC-TEE-CREW,
TC101099,2026-07-20,68.21,true,TC-TEE-CREW,meta
TC101100,2026-07-20,64.07,false,TC-TEE-CREW,instagram
TC101101,2026-07-20,86.42,false,TC-TEE-CREW,instagram
TC101102,2026-07-20,84.81,false,TC-TEE-CREW,instagram
TC101103,2026-07-20,74.08,false,TC-TEE-CREW,instagram
TC101104,2026-07-20,70.34,false,TC-TEE-CREW,meta
TC101105,2026-07-20,74.20,false,TC-TEE-CREW,
TC101106,2026-07-20,87.41,false,TC-TEE-CREW,meta
TC101107,2026-07-20,88.83,false,TC-TEE-CREW,facebook
TC101108,2026-07-20,78.76,false,TC-TEE-CREW,instagram
TC101109,2026-07-20,90.14,false,TC-TEE-CREW,meta
TC101110,2026-07-20,45.89,false,TC-TEE-CREW,
TC101111,2026-07-20,4.59,false,TC-TEE-CREW,
TC101112,2026-07-20,0.51,false,TC-TEE-CREW,facebook
TC101113,2026-07-20,74.17,true,TC-TEE-CREW,facebook
TC101114,2026-07-20,87.55,true,TC-TEE-CREW,instagram
TC101115,2026-07-20,78.43,true,TC-TEE-CREW,
TC101116,2026-07-20,64.62,true,TC-TEE-CREW,facebook
TC101117,2026-07-20,87.13,true,TC-TEE-CREW,facebook
TC101118,2026-07-20,88.95,true,TC-TEE-CREW,facebook
TC101119,2026-07-20,68.11,false,TC-TEE-CREW,
TC101120,2026-07-20,78.85,false,TC-TEE-CREW,meta
TC101121,2026-07-20,65.77,false,TC-TEE-CREW,instagram
TC101122,2026-07-20,88.20,false,TC-TEE-CREW,instagram
TC101123,2026-07-20,68.15,false,TC-TEE-CREW,
TC101124,2026-07-20,62.13,false,TC-TEE-CREW,instagram
TC101125,2026-07-20,57.01,false,TC-TEE-CREW,meta
TC101126,2026-07-20,83.14,false,TC-TEE-CREW,meta
TC101127,2026-07-20,84.59,false,TC-TEE-CREW,meta
TC101128,2026-07-20,66.15,false,TC-TEE-CREW,meta
TC101129,2026-07-20,56.74,false,TC-TEE-CREW,meta
TC101130,2026-07-20,69.49,false,TC-TEE-CREW,meta
TC101131,2026-07-20,87.77,false,TC-TEE-CREW,
TC101132,2026-07-20,70.81,false,TC-TEE-CREW,meta
TC101133,2026-07-20,85.00,false,TC-TEE-CREW,facebook
TC101134,2026-07-20,82.88,false,TC-TEE-CREW,
TC101135,2026-07-20,85.22,false,TC-TEE-CREW,facebook
TC101136,2026-07-20,78.76,false,TC-TEE-CREW,
TC101137,2026-07-20,70.19,false,TC-TEE-CREW,instagram
TC101138,2026-07-20,7.80,false,TC-TEE-CREW,
TC101139,2026-07-20,61.58,true,TC-TEE-CREW,meta
TC101140,2026-07-20,57.72,true,TC-TEE-CREW,facebook
TC101141,2026-07-20,81.64,true,TC-TEE-CREW,meta
TC101142,2026-07-20,73.89,true,TC-TEE-CREW,facebook
TC101143,2026-07-20,65.40,true,TC-TEE-CREW,facebook
TC101144,2026-07-20,80.36,true,TC-TEE-CREW,instagram
TC101145,2026-07-20,87.23,true,TC-TEE-CREW,
TC101146,2026-07-20,66.72,true,TC-TEE-CREW,facebook
TC101147,2026-07-20,82.53,true,TC-TEE-CREW,instagram
TC101148,2026-07-20,70.71,false,TC-TEE-CREW,
TC101149,2026-07-20,53.64,false,TC-TEE-CREW,facebook
TC101150,2026-07-20,74.23,true,TC-UND-BOXER,
TC101151,2026-07-20,68.70,true,TC-UND-BOXER,facebook
TC101152,2026-07-20,53.14,true,TC-UND-BOXER,
TC101153,2026-07-20,59.30,true,TC-UND-BOXER,instagram
TC101154,2026-07-20,53.46,true,TC-UND-BOXER,meta
TC101155,2026-07-20,65.37,true,TC-UND-BOXER,instagram
TC101156,2026-07-20,112.14,false,TC-UND-BOXER,
TC101157,2026-07-20,75.56,true,TC-MIXED,instagram
TC101158,2026-07-20,90.16,false,TC-MIXED,
TC101159,2026-07-20,84.53,false,TC-MIXED,facebook
TC101160,2026-07-20,66.07,false,TC-MIXED,instagram
TC101161,2026-07-20,88.90,false,TC-MIXED,meta
TC101162,2026-07-20,85.90,false,TC-MIXED,
TC101163,2026-07-20,82.28,false,TC-MIXED,facebook
TC101164,2026-07-20,76.74,false,TC-MIXED,meta
TC101165,2026-07-20,68.25,false,TC-MIXED,meta
TC101166,2026-07-20,84.15,false,TC-MIXED,facebook
TC101167,2026-07-20,59.32,false,TC-MIXED,
TC101168,2026-07-20,81.41,false,TC-MIXED,
TC101169,2026-07-20,22.18,false,TC-MIXED,
TC101170,2026-07-20,70.89,true,TC-TEE-CREW,cpc
TC101171,2026-07-20,79.83,true,TC-TEE-CREW,google_ads
TC101172,2026-07-20,79.97,true,TC-TEE-CREW,cpc
TC101173,2026-07-20,68.41,true,TC-TEE-CREW,google
TC101174,2026-07-20,67.51,true,TC-TEE-CREW,google_ads
TC101175,2026-07-20,78.82,true,TC-TEE-CREW,cpc
TC101176,2026-07-20,60.94,true,TC-TEE-CREW,google
TC101177,2026-07-20,55.05,true,TC-TEE-CREW,cpc
TC101178,2026-07-20,78.03,true,TC-TEE-CREW,
TC101179,2026-07-20,84.87,true,TC-TEE-CREW,google_ads
TC101180,2026-07-20,54.42,true,TC-TEE-CREW,
TC101181,2026-07-20,62.54,true,TC-TEE-CREW,cpc
TC101182,2026-07-20,88.36,true,TC-TEE-CREW,google
TC101183,2026-07-20,60.72,true,TC-TEE-CREW,cpc
TC101184,2026-07-20,67.46,true,TC-TEE-CREW,
TC101185,2026-07-20,70.25,true,TC-TEE-CREW,
TC101186,2026-07-20,70.67,true,TC-TEE-CREW,cpc
TC101187,2026-07-20,58.87,true,TC-TEE-CREW,google_ads
TC101188,2026-07-20,68.77,true,TC-TEE-CREW,google_ads
TC101189,2026-07-20,54.42,true,TC-TEE-CREW,
TC101190,2026-07-20,63.91,true,TC-TEE-CREW,
TC101191,2026-07-20,84.34,true,TC-TEE-CREW,cpc
TC101192,2026-07-20,57.93,true,TC-TEE-CREW,
TC101193,2026-07-20,74.33,true,TC-TEE-CREW,
TC101194,2026-07-20,87.37,true,TC-TEE-CREW,google_ads
TC101195,2026-07-20,79.32,true,TC-TEE-CREW,
TC101196,2026-07-20,76.02,true,TC-TEE-CREW,cpc
TC101197,2026-07-20,83.21,true,TC-TEE-CREW,google_ads
TC101198,2026-07-20,67.79,true,TC-TEE-CREW,google_ads
TC101199,2026-07-20,65.68,true,TC-TEE-CREW,google_ads
TC101200,2026-07-20,85.30,true,TC-TEE-CREW,
TC101201,2026-07-20,77.54,true,TC-TEE-CREW,cpc
TC101202,2026-07-20,68.76,true,TC-TEE-CREW,cpc
TC101203,2026-07-20,84.56,true,TC-TEE-CREW,google
TC101204,2026-07-20,79.05,true,TC-TEE-CREW,google_ads
TC101205,2026-07-20,79.44,true,TC-TEE-CREW,google_ads
TC101206,2026-07-20,64.43,true,TC-TEE-CREW,google_ads
TC101207,2026-07-20,77.16,true,TC-TEE-CREW,
TC101208,2026-07-20,60.61,true,TC-TEE-CREW,
TC101209,2026-07-20,60.40,false,TC-TEE-CREW,
TC101210,2026-07-20,87.67,false,TC-TEE-CREW,google_ads
TC101211,2026-07-20,67.90,false,TC-TEE-CREW,google_ads
TC101212,2026-07-20,71.92,false,TC-TEE-CREW,
TC101213,2026-07-20,59.01,false,TC-TEE-CREW,cpc
TC101214,2026-07-20,66.97,false,TC-TEE-CREW,google_ads
TC101215,2026-07-20,72.40,false,TC-TEE-CREW,
TC101216,2026-07-20,55.29,false,TC-TEE-CREW,google_ads
TC101217,2026-07-20,59.53,false,TC-TEE-CREW,google_ads
TC101218,2026-07-20,73.87,false,TC-TEE-CREW,google_ads
TC101219,2026-07-20,54.98,false,TC-TEE-CREW,google
TC101220,2026-07-20,89.50,false,TC-TEE-CREW,cpc
TC101221,2026-07-20,64.54,false,TC-TEE-CREW,
TC101222,2026-07-20,78.61,false,TC-TEE-CREW,google_ads
TC101223,2026-07-20,80.27,false,TC-TEE-CREW,google
TC101224,2026-07-20,62.03,false,TC-TEE-CREW,cpc
TC101225,2026-07-20,72.79,false,TC-TEE-CREW,
TC101226,2026-07-20,80.29,false,TC-TEE-CREW,cpc
TC101227,2026-07-20,81.25,false,TC-TEE-CREW,google_ads
TC101228,2026-07-20,76.64,false,TC-TEE-CREW,google
TC101229,2026-07-20,70.61,false,TC-TEE-CREW,cpc
TC101230,2026-07-20,70.06,false,TC-TEE-CREW,google
TC101231,2026-07-20,73.99,false,TC-TEE-CREW,google
TC101232,2026-07-20,80.47,false,TC-TEE-CREW,
TC101233,2026-07-20,72.92,false,TC-TEE-CREW,
TC101234,2026-07-20,80.02,false,TC-TEE-CREW,cpc
TC101235,2026-07-20,61.10,false,TC-TEE-CREW,
TC101236,2026-07-20,82.16,false,TC-TEE-CREW,google_ads
TC101237,2026-07-20,69.52,false,TC-TEE-CREW,google_ads
TC101238,2026-07-20,65.24,false,TC-TEE-CREW,cpc
TC101239,2026-07-20,56.91,false,TC-TEE-CREW,
TC101240,2026-07-20,129.15,false,TC-TEE-CREW,google
TC101241,2026-07-20,61.48,true,TC-TEE-CREW,google
TC101242,2026-07-20,69.15,true,TC-TEE-CREW,
TC101243,2026-07-20,81.44,true,TC-TEE-CREW,
TC101244,2026-07-20,71.63,true,TC-TEE-CREW,google
TC101245,2026-07-20,78.15,true,TC-TEE-CREW,
TC101246,2026-07-20,55.24,true,TC-TEE-CREW,
TC101247,2026-07-20,58.18,true,TC-TEE-CREW,cpc
TC101248,2026-07-20,75.29,true,TC-TEE-CREW,
TC101249,2026-07-20,67.13,true,TC-TEE-CREW,google
TC101250,2026-07-20,84.67,true,TC-TEE-CREW,google_ads
TC101251,2026-07-20,79.41,true,TC-TEE-CREW,google
TC101252,2026-07-20,62.29,true,TC-TEE-CREW,cpc
TC101253,2026-07-20,68.67,true,TC-TEE-CREW,cpc
TC101254,2026-07-20,64.05,true,TC-TEE-CREW,cpc
TC101255,2026-07-20,66.27,true,TC-TEE-CREW,google
TC101256,2026-07-20,67.15,true,TC-TEE-CREW,
TC101257,2026-07-20,69.58,true,TC-TEE-CREW,google
TC101258,2026-07-20,81.34,true,TC-TEE-CREW,
TC101259,2026-07-20,82.03,true,TC-TEE-CREW,cpc
TC101260,2026-07-20,69.54,false,TC-TEE-CREW,
TC101261,2026-07-20,73.81,false,TC-TEE-CREW,google
TC101262,2026-07-20,78.34,false,TC-TEE-CREW,google
TC101263,2026-07-20,71.88,false,TC-TEE-CREW,google
TC101264,2026-07-20,84.30,false,TC-TEE-CREW,cpc
TC101265,2026-07-20,58.97,false,TC-TEE-CREW,google_ads
TC101266,2026-07-20,118.03,false,TC-TEE-CREW,google_ads
TC101267,2026-07-20,71.88,true,TC-SHIRT-OXFORD,google_ads
TC101268,2026-07-20,66.24,true,TC-SHIRT-OXFORD,google_ads
TC101269,2026-07-20,68.87,true,TC-SHIRT-OXFORD,cpc
TC101270,2026-07-20,62.65,true,TC-SHIRT-OXFORD,cpc
TC101271,2026-07-20,80.20,true,TC-SHIRT-OXFORD,
TC101272,2026-07-20,63.54,true,TC-SHIRT-OXFORD,
TC101273,2026-07-20,77.57,true,TC-SHIRT-OXFORD,cpc
TC101274,2026-07-20,57.76,true,TC-SHIRT-OXFORD,google
TC101275,2026-07-20,59.68,false,TC-SHIRT-OXFORD,cpc
TC101276,2026-07-20,77.92,false,TC-SHIRT-OXFORD,
TC101277,2026-07-20,71.57,false,TC-SHIRT-OXFORD,google_ads
TC101278,2026-07-20,69.21,false,TC-SHIRT-OXFORD,
TC101279,2026-07-20,87.17,false,TC-SHIRT-OXFORD,google_ads
TC101280,2026-07-20,58.18,false,TC-SHIRT-OXFORD,google
TC101281,2026-07-20,90.01,false,TC-SHIRT-OXFORD,cpc
TC101282,2026-07-20,115.85,false,TC-SHIRT-OXFORD,google
TC101283,2026-07-20,54.82,true,TC-TEE-CREW,cpc
TC101284,2026-07-20,86.02,true,TC-TEE-CREW,
TC101285,2026-07-20,84.83,true,TC-TEE-CREW,cpc
TC101286,2026-07-20,86.16,true,TC-TEE-CREW,google_ads
TC101287,2026-07-20,84.65,true,TC-TEE-CREW,google
TC101288,2026-07-20,85.53,true,TC-TEE-CREW,cpc
TC101289,2026-07-20,83.06,true,TC-TEE-CREW,google_ads
TC101290,2026-07-20,69.35,true,TC-TEE-CREW,cpc
TC101291,2026-07-20,86.16,true,TC-TEE-CREW,google_ads
TC101292,2026-07-20,88.79,true,TC-TEE-CREW,google
TC101293,2026-07-20,78.97,true,TC-TEE-CREW,
TC101294,2026-07-20,75.89,true,TC-TEE-CREW,
TC101295,2026-07-20,72.32,true,TC-TEE-CREW,
TC101296,2026-07-20,58.61,true,TC-TEE-CREW,cpc
TC101297,2026-07-20,66.88,true,TC-TEE-CREW,google
TC101298,2026-07-20,59.44,true,TC-TEE-CREW,cpc
TC101299,2026-07-20,78.45,true,TC-TEE-CREW,google
TC101300,2026-07-20,65.73,true,TC-TEE-CREW,google
TC101301,2026-07-20,59.96,true,TC-TEE-CREW,google_ads
TC101302,2026-07-20,79.86,true,TC-TEE-CREW,google
TC101303,2026-07-20,81.70,true,TC-TEE-CREW,google
TC101304,2026-07-20,57.74,true,TC-TEE-CREW,
TC101305,2026-07-20,61.86,true,TC-TEE-CREW,cpc
TC101306,2026-07-20,69.79,true,TC-TEE-CREW,
TC101307,2026-07-20,60.92,true,TC-TEE-CREW,google_ads
TC101308,2026-07-20,58.18,false,TC-TEE-CREW,cpc
TC101309,2026-07-20,69.89,false,TC-TEE-CREW,
TC101310,2026-07-20,67.80,false,TC-TEE-CREW,google
TC101311,2026-07-20,88.22,false,TC-TEE-CREW,cpc
TC101312,2026-07-20,52.41,false,TC-TEE-CREW,google_ads
TC101313,2026-07-21,55.54,true,TC-TEE-CREW,meta
TC101314,2026-07-21,76.68,true,TC-TEE-CREW,
TC101315,2026-07-21,71.72,true,TC-TEE-CREW,
TC101316,2026-07-21,82.82,true,TC-TEE-CREW,facebook
TC101317,2026-07-21,59.83,true,TC-TEE-CREW,
TC101318,2026-07-21,73.42,true,TC-TEE-CREW,meta
TC101319,2026-07-21,70.31,true,TC-TEE-CREW,meta
TC101320,2026-07-21,76.37,true,TC-TEE-CREW,instagram
TC101321,2026-07-21,63.32,true,TC-TEE-CREW,facebook
TC101322,2026-07-21,81.53,true,TC-TEE-CREW,meta
TC101323,2026-07-21,74.51,true,TC-TEE-CREW,facebook
TC101324,2026-07-21,89.53,true,TC-TEE-CREW,facebook
TC101325,2026-07-21,61.60,true,TC-TEE-CREW,
TC101326,2026-07-21,86.02,true,TC-TEE-CREW,meta
TC101327,2026-07-21,79.67,true,TC-TEE-CREW,facebook
TC101328,2026-07-21,71.71,true,TC-TEE-CREW,instagram
TC101329,2026-07-21,71.45,true,TC-TEE-CREW,instagram
TC101330,2026-07-21,78.87,true,TC-TEE-CREW,meta
TC101331,2026-07-21,65.68,true,TC-TEE-CREW,meta
TC101332,2026-07-21,87.30,true,TC-TEE-CREW,
TC101333,2026-07-21,69.98,true,TC-TEE-CREW,facebook
TC101334,2026-07-21,60.55,true,TC-TEE-CREW,facebook
TC101335,2026-07-21,88.10,true,TC-TEE-CREW,facebook
TC101336,2026-07-21,88.03,true,TC-TEE-CREW,instagram
TC101337,2026-07-21,56.34,true,TC-TEE-CREW,facebook
TC101338,2026-07-21,55.25,true,TC-TEE-CREW,facebook
TC101339,2026-07-21,56.30,true,TC-TEE-CREW,facebook
TC101340,2026-07-21,62.02,true,TC-TEE-CREW,
TC101341,2026-07-21,90.69,true,TC-TEE-CREW,meta
TC101342,2026-07-21,67.03,true,TC-TEE-CREW,facebook
TC101343,2026-07-21,69.62,true,TC-TEE-CREW,facebook
TC101344,2026-07-21,87.51,true,TC-TEE-CREW,
TC101345,2026-07-21,56.43,true,TC-TEE-CREW,facebook
TC101346,2026-07-21,85.91,true,TC-TEE-CREW,
TC101347,2026-07-21,77.51,true,TC-TEE-CREW,instagram
TC101348,2026-07-21,73.52,true,TC-TEE-CREW,meta
TC101349,2026-07-21,89.41,true,TC-TEE-CREW,meta
TC101350,2026-07-21,71.32,true,TC-TEE-CREW,instagram
TC101351,2026-07-21,61.42,true,TC-TEE-CREW,
TC101352,2026-07-21,58.62,true,TC-TEE-CREW,
TC101353,2026-07-21,76.94,true,TC-TEE-CREW,meta
TC101354,2026-07-21,57.98,true,TC-TEE-CREW,instagram
TC101355,2026-07-21,85.20,true,TC-TEE-CREW,instagram
TC101356,2026-07-21,87.70,false,TC-TEE-CREW,meta
TC101357,2026-07-21,77.97,false,TC-TEE-CREW,instagram
TC101358,2026-07-21,57.67,false,TC-TEE-CREW,
TC101359,2026-07-21,68.57,false,TC-TEE-CREW,
TC101360,2026-07-21,66.05,false,TC-TEE-CREW,facebook
TC101361,2026-07-21,67.11,false,TC-TEE-CREW,facebook
TC101362,2026-07-21,83.44,false,TC-TEE-CREW,
TC101363,2026-07-21,82.56,false,TC-TEE-CREW,meta
TC101364,2026-07-21,62.71,false,TC-TEE-CREW,instagram
TC101365,2026-07-21,55.35,false,TC-TEE-CREW,instagram
TC101366,2026-07-21,87.87,false,TC-TEE-CREW,meta
TC101367,2026-07-21,65.75,true,TC-TEE-CREW,meta
TC101368,2026-07-21,69.39,true,TC-TEE-CREW,
TC101369,2026-07-21,58.99,true,TC-TEE-CREW,meta
TC101370,2026-07-21,67.12,true,TC-TEE-CREW,meta
TC101371,2026-07-21,54.95,true,TC-TEE-CREW,facebook
TC101372,2026-07-21,70.75,false,TC-TEE-CREW,instagram
TC101373,2026-07-21,86.23,false,TC-TEE-CREW,facebook
TC101374,2026-07-21,74.25,false,TC-TEE-CREW,
TC101375,2026-07-21,81.47,false,TC-TEE-CREW,instagram
TC101376,2026-07-21,74.24,false,TC-TEE-CREW,meta
TC101377,2026-07-21,82.96,false,TC-TEE-CREW,instagram
TC101378,2026-07-21,71.96,false,TC-TEE-CREW,facebook
TC101379,2026-07-21,72.83,false,TC-TEE-CREW,
TC101380,2026-07-21,55.22,false,TC-TEE-CREW,facebook
TC101381,2026-07-21,74.81,false,TC-TEE-CREW,facebook
TC101382,2026-07-21,83.72,false,TC-TEE-CREW,facebook
TC101383,2026-07-21,75.96,false,TC-TEE-CREW,meta
TC101384,2026-07-21,84.93,false,TC-TEE-CREW,facebook
TC101385,2026-07-21,79.31,false,TC-TEE-CREW,instagram
TC101386,2026-07-21,39.90,false,TC-TEE-CREW,facebook
TC101387,2026-07-21,65.66,true,TC-TEE-CREW,
TC101388,2026-07-21,58.66,true,TC-TEE-CREW,
TC101389,2026-07-21,83.58,true,TC-TEE-CREW,instagram
TC101390,2026-07-21,74.93,true,TC-TEE-CREW,
TC101391,2026-07-21,77.01,true,TC-TEE-CREW,facebook
TC101392,2026-07-21,61.76,true,TC-TEE-CREW,
TC101393,2026-07-21,63.13,true,TC-TEE-CREW,meta
TC101394,2026-07-21,54.00,true,TC-TEE-CREW,
TC101395,2026-07-21,80.57,false,TC-TEE-CREW,meta
TC101396,2026-07-21,93.20,false,TC-TEE-CREW,
TC101397,2026-07-21,62.91,true,TC-UND-BOXER,facebook
TC101398,2026-07-21,80.68,true,TC-UND-BOXER,meta
TC101399,2026-07-21,59.97,true,TC-UND-BOXER,instagram
TC101400,2026-07-21,79.39,true,TC-UND-BOXER,
TC101401,2026-07-21,57.12,true,TC-UND-BOXER,
TC101402,2026-07-21,86.15,true,TC-UND-BOXER,
TC101403,2026-07-21,81.31,false,TC-UND-BOXER,facebook
TC101404,2026-07-21,56.54,false,TC-UND-BOXER,meta
TC101405,2026-07-21,78.50,true,TC-MIXED,meta
TC101406,2026-07-21,90.14,true,TC-MIXED,
TC101407,2026-07-21,67.83,false,TC-MIXED,
TC101408,2026-07-21,84.79,false,TC-MIXED,instagram
TC101409,2026-07-21,62.52,false,TC-MIXED,instagram
TC101410,2026-07-21,72.16,false,TC-MIXED,
TC101411,2026-07-21,75.25,false,TC-MIXED,meta
TC101412,2026-07-21,85.89,false,TC-MIXED,meta
TC101413,2026-07-21,83.15,false,TC-MIXED,facebook
TC101414,2026-07-21,86.11,false,TC-MIXED,instagram
TC101415,2026-07-21,83.93,false,TC-MIXED,facebook
TC101416,2026-07-21,64.24,false,TC-MIXED,
TC101417,2026-07-21,7.14,false,TC-MIXED,meta
TC101418,2026-07-21,58.14,true,TC-TEE-CREW,google_ads
TC101419,2026-07-21,89.70,true,TC-TEE-CREW,google_ads
TC101420,2026-07-21,79.37,true,TC-TEE-CREW,
TC101421,2026-07-21,83.73,true,TC-TEE-CREW,google
TC101422,2026-07-21,63.93,true,TC-TEE-CREW,google_ads
TC101423,2026-07-21,69.25,true,TC-TEE-CREW,google
TC101424,2026-07-21,66.03,true,TC-TEE-CREW,google
TC101425,2026-07-21,89.14,true,TC-TEE-CREW,
TC101426,2026-07-21,84.36,true,TC-TEE-CREW,google
TC101427,2026-07-21,87.17,true,TC-TEE-CREW,cpc
TC101428,2026-07-21,60.01,true,TC-TEE-CREW,google_ads
TC101429,2026-07-21,71.51,true,TC-TEE-CREW,google_ads
TC101430,2026-07-21,73.28,true,TC-TEE-CREW,google_ads
TC101431,2026-07-21,65.78,true,TC-TEE-CREW,
TC101432,2026-07-21,74.62,true,TC-TEE-CREW,google
TC101433,2026-07-21,76.62,true,TC-TEE-CREW,google_ads
TC101434,2026-07-21,55.91,true,TC-TEE-CREW,cpc
TC101435,2026-07-21,72.30,true,TC-TEE-CREW,google
TC101436,2026-07-21,69.53,true,TC-TEE-CREW,cpc
TC101437,2026-07-21,56.77,true,TC-TEE-CREW,google_ads
TC101438,2026-07-21,62.71,true,TC-TEE-CREW,cpc
TC101439,2026-07-21,89.23,true,TC-TEE-CREW,cpc
TC101440,2026-07-21,89.97,true,TC-TEE-CREW,google_ads
TC101441,2026-07-21,81.11,true,TC-TEE-CREW,google_ads
TC101442,2026-07-21,76.77,true,TC-TEE-CREW,google_ads
TC101443,2026-07-21,86.87,true,TC-TEE-CREW,google_ads
TC101444,2026-07-21,58.39,true,TC-TEE-CREW,
TC101445,2026-07-21,90.08,true,TC-TEE-CREW,
TC101446,2026-07-21,66.94,false,TC-TEE-CREW,google
TC101447,2026-07-21,73.47,false,TC-TEE-CREW,google_ads
TC101448,2026-07-21,85.20,false,TC-TEE-CREW,cpc
TC101449,2026-07-21,60.52,false,TC-TEE-CREW,google_ads
TC101450,2026-07-21,70.62,false,TC-TEE-CREW,google
TC101451,2026-07-21,86.57,false,TC-TEE-CREW,google
TC101452,2026-07-21,70.89,false,TC-TEE-CREW,
TC101453,2026-07-21,76.11,false,TC-TEE-CREW,google_ads
TC101454,2026-07-21,73.48,false,TC-TEE-CREW,cpc
TC101455,2026-07-21,89.66,false,TC-TEE-CREW,
TC101456,2026-07-21,79.92,false,TC-TEE-CREW,google
TC101457,2026-07-21,86.32,false,TC-TEE-CREW,cpc
TC101458,2026-07-21,83.20,false,TC-TEE-CREW,google_ads
TC101459,2026-07-21,62.83,false,TC-TEE-CREW,google_ads
TC101460,2026-07-21,78.23,false,TC-TEE-CREW,google_ads
TC101461,2026-07-21,76.04,false,TC-TEE-CREW,google
TC101462,2026-07-21,72.35,false,TC-TEE-CREW,google_ads
TC101463,2026-07-21,70.94,false,TC-TEE-CREW,
TC101464,2026-07-21,81.52,false,TC-TEE-CREW,google
TC101465,2026-07-21,68.31,false,TC-TEE-CREW,google_ads
TC101466,2026-07-21,79.24,false,TC-TEE-CREW,google_ads
TC101467,2026-07-21,56.38,false,TC-TEE-CREW,
TC101468,2026-07-21,64.22,false,TC-TEE-CREW,google
TC101469,2026-07-21,68.30,false,TC-TEE-CREW,
TC101470,2026-07-21,69.55,false,TC-TEE-CREW,cpc
TC101471,2026-07-21,78.74,false,TC-TEE-CREW,google
TC101472,2026-07-21,62.64,false,TC-TEE-CREW,cpc
TC101473,2026-07-21,56.97,false,TC-TEE-CREW,
TC101474,2026-07-21,64.27,false,TC-TEE-CREW,google_ads
TC101475,2026-07-21,62.46,false,TC-TEE-CREW,google_ads
TC101476,2026-07-21,74.93,false,TC-TEE-CREW,google_ads
TC101477,2026-07-21,70.48,false,TC-TEE-CREW,google
TC101478,2026-07-21,64.52,false,TC-TEE-CREW,google_ads
TC101479,2026-07-21,63.56,false,TC-TEE-CREW,cpc
TC101480,2026-07-21,82.99,false,TC-TEE-CREW,google_ads
TC101481,2026-07-21,76.47,false,TC-TEE-CREW,google_ads
TC101482,2026-07-21,62.11,false,TC-TEE-CREW,google_ads
TC101483,2026-07-21,80.48,false,TC-TEE-CREW,cpc
TC101484,2026-07-21,87.83,false,TC-TEE-CREW,cpc
TC101485,2026-07-21,80.61,false,TC-TEE-CREW,cpc
TC101486,2026-07-21,46.97,false,TC-TEE-CREW,cpc
TC101487,2026-07-21,5.22,false,TC-TEE-CREW,google
TC101488,2026-07-21,84.95,true,TC-TEE-CREW,
TC101489,2026-07-21,62.36,true,TC-TEE-CREW,google_ads
TC101490,2026-07-21,90.12,true,TC-TEE-CREW,google
TC101491,2026-07-21,69.29,true,TC-TEE-CREW,google
TC101492,2026-07-21,58.03,true,TC-TEE-CREW,google
TC101493,2026-07-21,56.47,true,TC-TEE-CREW,google
TC101494,2026-07-21,79.43,true,TC-TEE-CREW,google
TC101495,2026-07-21,66.56,true,TC-TEE-CREW,
TC101496,2026-07-21,57.51,true,TC-TEE-CREW,google
TC101497,2026-07-21,83.70,true,TC-TEE-CREW,cpc
TC101498,2026-07-21,86.99,true,TC-TEE-CREW,cpc
TC101499,2026-07-21,76.65,true,TC-TEE-CREW,google_ads
TC101500,2026-07-21,72.61,true,TC-TEE-CREW,google
TC101501,2026-07-21,70.55,true,TC-TEE-CREW,google_ads
TC101502,2026-07-21,88.76,true,TC-TEE-CREW,google_ads
TC101503,2026-07-21,74.40,true,TC-TEE-CREW,google_ads
TC101504,2026-07-21,66.84,true,TC-TEE-CREW,cpc
TC101505,2026-07-21,71.25,true,TC-TEE-CREW,google
TC101506,2026-07-21,58.64,true,TC-TEE-CREW,google
TC101507,2026-07-21,79.09,false,TC-TEE-CREW,cpc
TC101508,2026-07-21,60.43,false,TC-TEE-CREW,google_ads
TC101509,2026-07-21,54.83,false,TC-TEE-CREW,google
TC101510,2026-07-21,66.81,false,TC-TEE-CREW,google_ads
TC101511,2026-07-21,84.13,false,TC-TEE-CREW,google_ads
TC101512,2026-07-21,63.39,false,TC-TEE-CREW,google_ads
TC101513,2026-07-21,99.67,false,TC-TEE-CREW,
TC101514,2026-07-21,59.79,true,TC-SHIRT-OXFORD,
TC101515,2026-07-21,67.19,true,TC-SHIRT-OXFORD,google
TC101516,2026-07-21,77.99,true,TC-SHIRT-OXFORD,cpc
TC101517,2026-07-21,86.26,true,TC-SHIRT-OXFORD,google_ads
TC101518,2026-07-21,53.83,true,TC-SHIRT-OXFORD,google_ads
TC101519,2026-07-21,75.61,true,TC-SHIRT-OXFORD,google_ads
TC101520,2026-07-21,80.89,true,TC-SHIRT-OXFORD,
TC101521,2026-07-21,84.24,false,TC-SHIRT-OXFORD,google
TC101522,2026-07-21,80.94,false,TC-SHIRT-OXFORD,google
TC101523,2026-07-21,86.80,false,TC-SHIRT-OXFORD,cpc
TC101524,2026-07-21,84.54,false,TC-SHIRT-OXFORD,google_ads
TC101525,2026-07-21,52.56,false,TC-SHIRT-OXFORD,google_ads
TC101526,2026-07-21,77.98,false,TC-SHIRT-OXFORD,google
TC101527,2026-07-21,8.66,false,TC-SHIRT-OXFORD,
TC101528,2026-07-21,75.77,true,TC-TEE-CREW,
TC101529,2026-07-21,84.71,true,TC-TEE-CREW,google
TC101530,2026-07-21,54.41,true,TC-TEE-CREW,
TC101531,2026-07-21,54.47,true,TC-TEE-CREW,google_ads
TC101532,2026-07-21,69.59,true,TC-TEE-CREW,
TC101533,2026-07-21,70.42,true,TC-TEE-CREW,google_ads
TC101534,2026-07-21,81.15,true,TC-TEE-CREW,google_ads
TC101535,2026-07-21,78.68,true,TC-TEE-CREW,google_ads
TC101536,2026-07-21,79.63,true,TC-TEE-CREW,google_ads
TC101537,2026-07-21,84.24,true,TC-TEE-CREW,
TC101538,2026-07-21,57.77,true,TC-TEE-CREW,
TC101539,2026-07-21,61.90,true,TC-TEE-CREW,cpc
TC101540,2026-07-21,69.05,true,TC-TEE-CREW,cpc
TC101541,2026-07-21,57.85,true,TC-TEE-CREW,
TC101542,2026-07-21,79.39,true,TC-TEE-CREW,
TC101543,2026-07-21,72.81,true,TC-TEE-CREW,google
TC101544,2026-07-21,80.96,true,TC-TEE-CREW,cpc
TC101545,2026-07-21,80.28,true,TC-TEE-CREW,
TC101546,2026-07-21,67.83,true,TC-TEE-CREW,cpc
TC101547,2026-07-21,54.77,true,TC-TEE-CREW,cpc
TC101548,2026-07-21,58.78,true,TC-TEE-CREW,cpc
TC101549,2026-07-21,79.70,true,TC-TEE-CREW,
TC101550,2026-07-21,86.14,true,TC-TEE-CREW,
TC101551,2026-07-21,55.14,true,TC-TEE-CREW,google_ads
TC101552,2026-07-21,87.65,true,TC-TEE-CREW,google_ads
TC101553,2026-07-21,68.25,true,TC-TEE-CREW,google_ads
TC101554,2026-07-21,81.38,false,TC-TEE-CREW,google_ads
TC101555,2026-07-21,59.94,false,TC-TEE-CREW,google_ads
TC101556,2026-07-21,64.08,false,TC-TEE-CREW,google
TC101557,2026-07-21,63.20,false,TC-TEE-CREW,
TC101558,2026-07-21,78.69,false,TC-TEE-CREW,
TC101559,2026-07-22,56.54,true,TC-TEE-CREW,meta
TC101560,2026-07-22,54.55,true,TC-TEE-CREW,instagram
TC101561,2026-07-22,72.19,true,TC-TEE-CREW,meta
TC101562,2026-07-22,73.06,true,TC-TEE-CREW,
TC101563,2026-07-22,59.54,true,TC-TEE-CREW,
TC101564,2026-07-22,77.97,true,TC-TEE-CREW,instagram
TC101565,2026-07-22,68.74,true,TC-TEE-CREW,
TC101566,2026-07-22,71.63,true,TC-TEE-CREW,meta
TC101567,2026-07-22,78.49,true,TC-TEE-CREW,facebook
TC101568,2026-07-22,76.09,true,TC-TEE-CREW,instagram
TC101569,2026-07-22,64.97,true,TC-TEE-CREW,
TC101570,2026-07-22,70.58,true,TC-TEE-CREW,meta
TC101571,2026-07-22,64.73,true,TC-TEE-CREW,facebook
TC101572,2026-07-22,57.20,true,TC-TEE-CREW,facebook
TC101573,2026-07-22,82.32,true,TC-TEE-CREW,instagram
TC101574,2026-07-22,60.56,true,TC-TEE-CREW,
TC101575,2026-07-22,70.55,true,TC-TEE-CREW,meta
TC101576,2026-07-22,64.83,true,TC-TEE-CREW,facebook
TC101577,2026-07-22,85.59,true,TC-TEE-CREW,facebook
TC101578,2026-07-22,88.98,true,TC-TEE-CREW,
TC101579,2026-07-22,54.27,true,TC-TEE-CREW,meta
TC101580,2026-07-22,80.48,true,TC-TEE-CREW,facebook
TC101581,2026-07-22,82.27,true,TC-TEE-CREW,
TC101582,2026-07-22,79.68,true,TC-TEE-CREW,meta
TC101583,2026-07-22,58.02,true,TC-TEE-CREW,facebook
TC101584,2026-07-22,83.57,true,TC-TEE-CREW,instagram
TC101585,2026-07-22,55.53,true,TC-TEE-CREW,facebook
TC101586,2026-07-22,61.30,true,TC-TEE-CREW,instagram
TC101587,2026-07-22,75.71,true,TC-TEE-CREW,meta
TC101588,2026-07-22,88.91,true,TC-TEE-CREW,facebook
TC101589,2026-07-22,54.47,true,TC-TEE-CREW,
TC101590,2026-07-22,85.71,true,TC-TEE-CREW,
TC101591,2026-07-22,78.16,true,TC-TEE-CREW,instagram
TC101592,2026-07-22,53.89,true,TC-TEE-CREW,meta
TC101593,2026-07-22,82.29,true,TC-TEE-CREW,
TC101594,2026-07-22,88.10,true,TC-TEE-CREW,
TC101595,2026-07-22,87.58,true,TC-TEE-CREW,meta
TC101596,2026-07-22,86.68,true,TC-TEE-CREW,
TC101597,2026-07-22,69.75,true,TC-TEE-CREW,meta
TC101598,2026-07-22,83.88,false,TC-TEE-CREW,facebook
TC101599,2026-07-22,85.96,false,TC-TEE-CREW,meta
TC101600,2026-07-22,56.99,false,TC-TEE-CREW,
TC101601,2026-07-22,77.67,false,TC-TEE-CREW,meta
TC101602,2026-07-22,55.70,false,TC-TEE-CREW,meta
TC101603,2026-07-22,80.59,false,TC-TEE-CREW,facebook
TC101604,2026-07-22,82.67,false,TC-TEE-CREW,meta
TC101605,2026-07-22,81.83,false,TC-TEE-CREW,instagram
TC101606,2026-07-22,69.52,false,TC-TEE-CREW,meta
TC101607,2026-07-22,75.32,false,TC-TEE-CREW,instagram
TC101608,2026-07-22,59.74,false,TC-TEE-CREW,instagram
TC101609,2026-07-22,58.66,false,TC-TEE-CREW,meta
TC101610,2026-07-22,80.79,false,TC-TEE-CREW,
TC101611,2026-07-22,53.43,false,TC-TEE-CREW,facebook
TC101612,2026-07-22,83.75,true,TC-TEE-CREW,instagram
TC101613,2026-07-22,78.64,true,TC-TEE-CREW,
TC101614,2026-07-22,58.67,true,TC-TEE-CREW,meta
TC101615,2026-07-22,64.82,true,TC-TEE-CREW,facebook
TC101616,2026-07-22,73.22,true,TC-TEE-CREW,meta
TC101617,2026-07-22,79.33,true,TC-TEE-CREW,
TC101618,2026-07-22,69.94,true,TC-TEE-CREW,facebook
TC101619,2026-07-22,83.05,false,TC-TEE-CREW,instagram
TC101620,2026-07-22,82.20,false,TC-TEE-CREW,instagram
TC101621,2026-07-22,69.03,false,TC-TEE-CREW,
TC101622,2026-07-22,60.25,false,TC-TEE-CREW,
TC101623,2026-07-22,62.14,false,TC-TEE-CREW,instagram
TC101624,2026-07-22,77.98,false,TC-TEE-CREW,
TC101625,2026-07-22,87.83,false,TC-TEE-CREW,meta
TC101626,2026-07-22,56.56,false,TC-TEE-CREW,facebook
TC101627,2026-07-22,63.83,false,TC-TEE-CREW,
TC101628,2026-07-22,64.31,false,TC-TEE-CREW,instagram
TC101629,2026-07-22,54.01,false,TC-TEE-CREW,instagram
TC101630,2026-07-22,77.27,false,TC-TEE-CREW,meta
TC101631,2026-07-22,83.58,false,TC-TEE-CREW,facebook
TC101632,2026-07-22,80.09,false,TC-TEE-CREW,instagram
TC101633,2026-07-22,62.61,false,TC-TEE-CREW,meta
TC101634,2026-07-22,74.76,false,TC-TEE-CREW,
TC101635,2026-07-22,59.36,false,TC-TEE-CREW,
TC101636,2026-07-22,85.81,false,TC-TEE-CREW,instagram
TC101637,2026-07-22,68.62,false,TC-TEE-CREW,instagram
TC101638,2026-07-22,79.30,false,TC-TEE-CREW,
TC101639,2026-07-22,59.36,true,TC-TEE-CREW,facebook
TC101640,2026-07-22,86.20,true,TC-TEE-CREW,facebook
TC101641,2026-07-22,77.07,true,TC-TEE-CREW,instagram
TC101642,2026-07-22,89.90,true,TC-TEE-CREW,meta
TC101643,2026-07-22,89.47,true,TC-TEE-CREW,
TC101644,2026-07-22,87.33,true,TC-TEE-CREW,facebook
TC101645,2026-07-22,76.55,true,TC-TEE-CREW,instagram
TC101646,2026-07-22,59.50,true,TC-TEE-CREW,meta
TC101647,2026-07-22,78.43,true,TC-TEE-CREW,facebook
TC101648,2026-07-22,78.37,true,TC-TEE-CREW,facebook
TC101649,2026-07-22,30.05,false,TC-TEE-CREW,meta
TC101650,2026-07-22,88.74,true,TC-UND-BOXER,facebook
TC101651,2026-07-22,61.63,true,TC-UND-BOXER,facebook
TC101652,2026-07-22,58.48,true,TC-UND-BOXER,meta
TC101653,2026-07-22,91.32,true,TC-UND-BOXER,
TC101654,2026-07-22,82.06,true,TC-UND-BOXER,meta
TC101655,2026-07-22,61.17,false,TC-UND-BOXER,facebook
TC101656,2026-07-22,87.52,false,TC-UND-BOXER,
TC101657,2026-07-22,76.58,true,TC-MIXED,
TC101658,2026-07-22,66.51,false,TC-MIXED,instagram
TC101659,2026-07-22,83.74,false,TC-MIXED,meta
TC101660,2026-07-22,67.47,false,TC-MIXED,facebook
TC101661,2026-07-22,58.86,false,TC-MIXED,meta
TC101662,2026-07-22,78.92,false,TC-MIXED,
TC101663,2026-07-22,58.29,false,TC-MIXED,facebook
TC101664,2026-07-22,57.34,false,TC-MIXED,facebook
TC101665,2026-07-22,58.87,false,TC-UNKNOWN-CLEARANCE,
TC101666,2026-07-22,71.72,false,TC-MIXED,
TC101667,2026-07-22,60.47,false,TC-MIXED,instagram
TC101668,2026-07-22,84.41,false,TC-MIXED,
TC101669,2026-07-22,104.84,false,TC-MIXED,instagram
TC101670,2026-07-22,78.66,true,TC-TEE-CREW,google_ads
TC101671,2026-07-22,59.84,true,TC-TEE-CREW,google
TC101672,2026-07-22,83.07,true,TC-TEE-CREW,cpc
TC101673,2026-07-22,65.87,true,TC-TEE-CREW,
TC101674,2026-07-22,89.86,true,TC-TEE-CREW,google
TC101675,2026-07-22,57.84,true,TC-TEE-CREW,
TC101676,2026-07-22,57.41,true,TC-TEE-CREW,google
TC101677,2026-07-22,61.30,true,TC-TEE-CREW,cpc
TC101678,2026-07-22,74.21,true,TC-TEE-CREW,google_ads
TC101679,2026-07-22,85.39,true,TC-TEE-CREW,google
TC101680,2026-07-22,80.06,true,TC-TEE-CREW,google_ads
TC101681,2026-07-22,86.96,true,TC-TEE-CREW,
TC101682,2026-07-22,71.75,true,TC-TEE-CREW,cpc
TC101683,2026-07-22,88.94,true,TC-TEE-CREW,
TC101684,2026-07-22,74.11,true,TC-TEE-CREW,
TC101685,2026-07-22,86.29,true,TC-TEE-CREW,google
TC101686,2026-07-22,78.60,true,TC-TEE-CREW,google
TC101687,2026-07-22,76.74,true,TC-TEE-CREW,
TC101688,2026-07-22,61.12,true,TC-TEE-CREW,
TC101689,2026-07-22,66.47,true,TC-TEE-CREW,cpc
TC101690,2026-07-22,64.29,true,TC-TEE-CREW,google_ads
TC101691,2026-07-22,62.89,true,TC-TEE-CREW,cpc
TC101692,2026-07-22,58.86,true,TC-TEE-CREW,cpc
TC101693,2026-07-22,85.28,true,TC-TEE-CREW,google_ads
TC101694,2026-07-22,74.91,true,TC-TEE-CREW,
TC101695,2026-07-22,60.96,false,TC-TEE-CREW,cpc
TC101696,2026-07-22,64.80,false,TC-TEE-CREW,google_ads
TC101697,2026-07-22,71.01,false,TC-TEE-CREW,google
TC101698,2026-07-22,60.82,false,TC-TEE-CREW,
TC101699,2026-07-22,55.10,false,TC-TEE-CREW,google
TC101700,2026-07-22,89.26,false,TC-TEE-CREW,cpc
TC101701,2026-07-22,89.17,false,TC-TEE-CREW,google
TC101702,2026-07-22,79.13,false,TC-TEE-CREW,cpc
TC101703,2026-07-22,56.86,false,TC-TEE-CREW,
TC101704,2026-07-22,57.66,false,TC-TEE-CREW,google
TC101705,2026-07-22,81.10,false,TC-TEE-CREW,google_ads
TC101706,2026-07-22,76.31,false,TC-TEE-CREW,cpc
TC101707,2026-07-22,67.28,false,TC-TEE-CREW,google_ads
TC101708,2026-07-22,87.39,false,TC-TEE-CREW,google
TC101709,2026-07-22,85.62,false,TC-TEE-CREW,google_ads
TC101710,2026-07-22,81.54,false,TC-TEE-CREW,google
TC101711,2026-07-22,88.55,false,TC-TEE-CREW,google
TC101712,2026-07-22,56.09,false,TC-TEE-CREW,google
TC101713,2026-07-22,76.88,false,TC-TEE-CREW,google_ads
TC101714,2026-07-22,88.71,false,TC-TEE-CREW,cpc
TC101715,2026-07-22,77.10,false,TC-TEE-CREW,google_ads
TC101716,2026-07-22,86.13,false,TC-TEE-CREW,google_ads
TC101717,2026-07-22,68.70,false,TC-TEE-CREW,
TC101718,2026-07-22,60.18,false,TC-TEE-CREW,google
TC101719,2026-07-22,54.53,false,TC-TEE-CREW,
TC101720,2026-07-22,67.71,false,TC-TEE-CREW,google
TC101721,2026-07-22,87.81,false,TC-TEE-CREW,google_ads
TC101722,2026-07-22,88.61,false,TC-TEE-CREW,
TC101723,2026-07-22,87.81,false,TC-TEE-CREW,cpc
TC101724,2026-07-22,62.14,false,TC-TEE-CREW,
TC101725,2026-07-22,88.57,false,TC-TEE-CREW,
TC101726,2026-07-22,66.69,false,TC-TEE-CREW,google_ads
TC101727,2026-07-22,66.21,false,TC-TEE-CREW,
TC101728,2026-07-22,68.70,false,TC-TEE-CREW,
TC101729,2026-07-22,61.72,false,TC-TEE-CREW,google_ads
TC101730,2026-07-22,56.64,false,TC-TEE-CREW,google_ads
TC101731,2026-07-22,69.62,false,TC-TEE-CREW,cpc
TC101732,2026-07-22,57.76,false,TC-TEE-CREW,google_ads
TC101733,2026-07-22,84.43,false,TC-TEE-CREW,google_ads
TC101734,2026-07-22,59.23,false,TC-TEE-CREW,cpc
TC101735,2026-07-22,64.27,false,TC-TEE-CREW,
TC101736,2026-07-22,89.67,false,TC-TEE-CREW,
TC101737,2026-07-22,58.95,false,TC-TEE-CREW,
TC101738,2026-07-22,85.36,false,TC-TEE-CREW,google
TC101739,2026-07-22,31.99,false,TC-TEE-CREW,
TC101740,2026-07-22,87.44,true,TC-TEE-CREW,
TC101741,2026-07-22,60.59,true,TC-TEE-CREW,cpc
TC101742,2026-07-22,64.24,true,TC-TEE-CREW,google
TC101743,2026-07-22,58.97,true,TC-TEE-CREW,
TC101744,2026-07-22,77.08,true,TC-TEE-CREW,
TC101745,2026-07-22,63.95,true,TC-TEE-CREW,
TC101746,2026-07-22,75.02,true,TC-TEE-CREW,google_ads
TC101747,2026-07-22,74.83,true,TC-TEE-CREW,google_ads
TC101748,2026-07-22,61.95,true,TC-TEE-CREW,cpc
TC101749,2026-07-22,82.03,true,TC-TEE-CREW,
TC101750,2026-07-22,66.74,true,TC-TEE-CREW,google
TC101751,2026-07-22,62.03,true,TC-TEE-CREW,google
TC101752,2026-07-22,77.83,true,TC-TEE-CREW,
TC101753,2026-07-22,85.15,true,TC-TEE-CREW,google_ads
TC101754,2026-07-22,87.82,true,TC-TEE-CREW,google_ads
TC101755,2026-07-22,85.70,true,TC-TEE-CREW,
TC101756,2026-07-22,81.75,true,TC-TEE-CREW,
TC101757,2026-07-22,72.75,true,TC-TEE-CREW,google_ads
TC101758,2026-07-22,78.08,true,TC-TEE-CREW,cpc
TC101759,2026-07-22,74.39,true,TC-TEE-CREW,google_ads
TC101760,2026-07-22,56.15,true,TC-TEE-CREW,
TC101761,2026-07-22,80.12,true,TC-TEE-CREW,google
TC101762,2026-07-22,62.30,true,TC-TEE-CREW,google_ads
TC101763,2026-07-22,81.26,false,TC-TEE-CREW,
TC101764,2026-07-22,71.84,false,TC-TEE-CREW,google
TC101765,2026-07-22,77.49,false,TC-TEE-CREW,google_ads
TC101766,2026-07-22,73.61,true,TC-SHIRT-OXFORD,cpc
TC101767,2026-07-22,79.78,true,TC-SHIRT-OXFORD,google
TC101768,2026-07-22,88.19,true,TC-SHIRT-OXFORD,
TC101769,2026-07-22,71.78,true,TC-SHIRT-OXFORD,cpc
TC101770,2026-07-22,81.13,true,TC-SHIRT-OXFORD,
TC101771,2026-07-22,76.27,true,TC-SHIRT-OXFORD,google
TC101772,2026-07-22,59.13,true,TC-SHIRT-OXFORD,
TC101773,2026-07-22,61.50,true,TC-SHIRT-OXFORD,google
TC101774,2026-07-22,74.68,false,TC-SHIRT-OXFORD,cpc
TC101775,2026-07-22,85.50,false,TC-SHIRT-OXFORD,cpc
TC101776,2026-07-22,58.04,false,TC-SHIRT-OXFORD,google_ads
TC101777,2026-07-22,72.00,false,TC-SHIRT-OXFORD,google
TC101778,2026-07-22,63.08,false,TC-SHIRT-OXFORD,google_ads
TC101779,2026-07-22,90.22,false,TC-SHIRT-OXFORD,cpc
TC101780,2026-07-22,70.28,false,TC-SHIRT-OXFORD,
TC101781,2026-07-22,55.35,false,TC-SHIRT-OXFORD,cpc
TC101782,2026-07-22,65.48,false,TC-SHIRT-OXFORD,google
TC101783,2026-07-22,66.49,false,TC-SHIRT-OXFORD,cpc
TC101784,2026-07-22,80.98,false,TC-SHIRT-OXFORD,google_ads
TC101785,2026-07-22,75.22,false,TC-SHIRT-OXFORD,
TC101786,2026-07-22,80.03,true,TC-TEE-CREW,
TC101787,2026-07-22,88.16,true,TC-TEE-CREW,cpc
TC101788,2026-07-22,61.72,true,TC-TEE-CREW,google
TC101789,2026-07-22,72.46,true,TC-TEE-CREW,google
TC101790,2026-07-22,73.55,true,TC-TEE-CREW,google
TC101791,2026-07-22,66.51,true,TC-TEE-CREW,google_ads
TC101792,2026-07-22,72.11,true,TC-TEE-CREW,cpc
TC101793,2026-07-22,71.99,true,TC-TEE-CREW,google
TC101794,2026-07-22,74.31,true,TC-TEE-CREW,google_ads
TC101795,2026-07-22,68.22,true,TC-TEE-CREW,
TC101796,2026-07-22,70.96,true,TC-TEE-CREW,google
TC101797,2026-07-22,63.92,true,TC-TEE-CREW,google_ads
TC101798,2026-07-22,60.81,true,TC-TEE-CREW,google
TC101799,2026-07-22,71.14,true,TC-TEE-CREW,cpc
TC101800,2026-07-22,88.46,true,TC-TEE-CREW,cpc
TC101801,2026-07-22,53.43,true,TC-TEE-CREW,google
TC101802,2026-07-22,80.47,true,TC-TEE-CREW,google_ads
TC101803,2026-07-22,60.78,true,TC-TEE-CREW,google
TC101804,2026-07-22,74.23,true,TC-TEE-CREW,
TC101805,2026-07-22,69.92,true,TC-TEE-CREW,cpc
TC101806,2026-07-22,65.06,true,TC-TEE-CREW,
TC101807,2026-07-22,62.37,true,TC-TEE-CREW,google_ads
TC101808,2026-07-22,66.04,true,TC-TEE-CREW,cpc
TC101809,2026-07-22,72.45,true,TC-TEE-CREW,
TC101810,2026-07-22,68.31,false,TC-TEE-CREW,
TC101811,2026-07-22,61.82,false,TC-TEE-CREW,cpc
TC101812,2026-07-22,69.67,false,TC-TEE-CREW,cpc
TC101813,2026-07-22,64.02,false,TC-TEE-CREW,cpc
TC101814,2026-07-22,72.47,false,TC-TEE-CREW,
TC101815,2026-07-22,64.46,false,TC-TEE-CREW,google_ads
TC101816,2026-07-22,76.56,false,TC-TEE-CREW,google_ads
TC101817,2026-07-22,109.22,false,TC-TEE-CREW,google
TC101818,2026-07-23,90.05,true,TC-TEE-CREW,meta
TC101819,2026-07-23,78.10,true,TC-TEE-CREW,meta
TC101820,2026-07-23,60.07,true,TC-TEE-CREW,meta
TC101821,2026-07-23,58.51,true,TC-TEE-CREW,
TC101822,2026-07-23,59.60,true,TC-TEE-CREW,instagram
TC101823,2026-07-23,54.45,true,TC-TEE-CREW,facebook
TC101824,2026-07-23,79.41,true,TC-TEE-CREW,instagram
TC101825,2026-07-23,82.47,true,TC-TEE-CREW,facebook
TC101826,2026-07-23,76.24,true,TC-TEE-CREW,facebook
TC101827,2026-07-23,65.34,true,TC-TEE-CREW,
TC101828,2026-07-23,71.87,true,TC-TEE-CREW,facebook
TC101829,2026-07-23,56.26,true,TC-TEE-CREW,
TC101830,2026-07-23,80.68,true,TC-TEE-CREW,meta
TC101831,2026-07-23,60.41,true,TC-TEE-CREW,meta
TC101832,2026-07-23,67.94,true,TC-TEE-CREW,meta
TC101833,2026-07-23,81.12,true,TC-TEE-CREW,
TC101834,2026-07-23,86.81,true,TC-TEE-CREW,instagram
TC101835,2026-07-23,59.32,true,TC-TEE-CREW,meta
TC101836,2026-07-23,73.19,true,TC-TEE-CREW,meta
TC101837,2026-07-23,80.55,true,TC-TEE-CREW,instagram
TC101838,2026-07-23,61.18,true,TC-TEE-CREW,instagram
TC101839,2026-07-23,84.40,true,TC-TEE-CREW,meta
TC101840,2026-07-23,81.12,true,TC-TEE-CREW,meta
TC101841,2026-07-23,65.10,true,TC-TEE-CREW,instagram
TC101842,2026-07-23,69.26,true,TC-TEE-CREW,instagram
TC101843,2026-07-23,70.66,true,TC-TEE-CREW,meta
TC101844,2026-07-23,63.43,true,TC-TEE-CREW,instagram
TC101845,2026-07-23,85.31,true,TC-TEE-CREW,facebook
TC101846,2026-07-23,73.55,true,TC-TEE-CREW,
TC101847,2026-07-23,78.67,true,TC-TEE-CREW,
TC101848,2026-07-23,82.29,true,TC-TEE-CREW,
TC101849,2026-07-23,89.82,true,TC-TEE-CREW,instagram
TC101850,2026-07-23,70.75,true,TC-TEE-CREW,instagram
TC101851,2026-07-23,87.05,true,TC-TEE-CREW,meta
TC101852,2026-07-23,54.62,true,TC-TEE-CREW,facebook
TC101853,2026-07-23,86.21,true,TC-TEE-CREW,
TC101854,2026-07-23,61.67,true,TC-TEE-CREW,facebook
TC101855,2026-07-23,87.80,true,TC-TEE-CREW,instagram
TC101856,2026-07-23,72.28,true,TC-TEE-CREW,
TC101857,2026-07-23,62.34,false,TC-TEE-CREW,facebook
TC101858,2026-07-23,70.85,false,TC-TEE-CREW,facebook
TC101859,2026-07-23,86.77,false,TC-TEE-CREW,instagram
TC101860,2026-07-23,84.99,false,TC-TEE-CREW,
TC101861,2026-07-23,65.85,false,TC-TEE-CREW,facebook
TC101862,2026-07-23,71.30,false,TC-TEE-CREW,facebook
TC101863,2026-07-23,81.42,false,TC-TEE-CREW,
TC101864,2026-07-23,66.84,false,TC-TEE-CREW,meta
TC101865,2026-07-23,80.31,false,TC-TEE-CREW,meta
TC101866,2026-07-23,67.40,false,TC-TEE-CREW,instagram
TC101867,2026-07-23,30.00,false,TC-TEE-CREW,
TC101868,2026-07-23,63.50,true,TC-TEE-CREW,
TC101869,2026-07-23,55.36,true,TC-TEE-CREW,facebook
TC101870,2026-07-23,71.80,true,TC-TEE-CREW,
TC101871,2026-07-23,83.56,true,TC-TEE-CREW,meta
TC101872,2026-07-23,59.70,true,TC-TEE-CREW,meta
TC101873,2026-07-23,90.73,true,TC-TEE-CREW,
TC101874,2026-07-23,65.88,true,TC-TEE-CREW,
TC101875,2026-07-23,82.31,false,TC-TEE-CREW,facebook
TC101876,2026-07-23,57.78,false,TC-TEE-CREW,
TC101877,2026-07-23,86.36,false,TC-TEE-CREW,facebook
TC101878,2026-07-23,59.32,false,TC-TEE-CREW,facebook
TC101879,2026-07-23,76.25,false,TC-TEE-CREW,meta
TC101880,2026-07-23,80.24,false,TC-TEE-CREW,instagram
TC101881,2026-07-23,70.44,false,TC-TEE-CREW,
TC101882,2026-07-23,82.98,false,TC-TEE-CREW,instagram
TC101883,2026-07-23,89.29,false,TC-TEE-CREW,facebook
TC101884,2026-07-23,58.84,false,TC-TEE-CREW,facebook
TC101885,2026-07-23,67.71,false,TC-TEE-CREW,instagram
TC101886,2026-07-23,84.86,false,TC-TEE-CREW,meta
TC101887,2026-07-23,60.31,false,TC-TEE-CREW,facebook
TC101888,2026-07-23,68.10,false,TC-TEE-CREW,facebook
TC101889,2026-07-23,71.93,false,TC-TEE-CREW,meta
TC101890,2026-07-23,70.19,false,TC-TEE-CREW,instagram
TC101891,2026-07-23,68.74,false,TC-TEE-CREW,facebook
TC101892,2026-07-23,80.07,false,TC-TEE-CREW,meta
TC101893,2026-07-23,86.82,false,TC-TEE-CREW,instagram
TC101894,2026-07-23,76.88,false,TC-TEE-CREW,
TC101895,2026-07-23,71.00,true,TC-TEE-CREW,meta
TC101896,2026-07-23,70.31,true,TC-TEE-CREW,meta
TC101897,2026-07-23,59.79,true,TC-TEE-CREW,
TC101898,2026-07-23,83.61,true,TC-TEE-CREW,
TC101899,2026-07-23,73.72,true,TC-TEE-CREW,facebook
TC101900,2026-07-23,90.81,true,TC-TEE-CREW,instagram
TC101901,2026-07-23,65.18,true,TC-TEE-CREW,facebook
TC101902,2026-07-23,89.04,true,TC-TEE-CREW,meta
TC101903,2026-07-23,75.51,true,TC-TEE-CREW,facebook
TC101904,2026-07-23,63.15,false,TC-TEE-CREW,meta
TC101905,2026-07-23,58.64,false,TC-TEE-CREW,
TC101906,2026-07-23,55.19,true,TC-MIXED,
TC101907,2026-07-23,55.39,true,TC-MIXED,meta
TC101908,2026-07-23,60.99,false,TC-MIXED,meta
TC101909,2026-07-23,80.39,false,TC-UNKNOWN-CLEARANCE,
TC101910,2026-07-23,79.28,false,TC-MIXED,facebook
TC101911,2026-07-23,88.48,false,TC-UNKNOWN-CLEARANCE,
TC101912,2026-07-23,90.57,false,TC-MIXED,meta
TC101913,2026-07-23,62.27,false,TC-MIXED,meta
TC101914,2026-07-23,63.86,false,TC-MIXED,instagram
TC101915,2026-07-23,71.51,false,TC-UNKNOWN-CLEARANCE,
TC101916,2026-07-23,75.05,false,TC-MIXED,facebook
TC101917,2026-07-23,74.37,false,TC-MIXED,facebook
TC101918,2026-07-23,97.88,false,TC-MIXED,meta
TC101919,2026-07-23,67.30,true,TC-TEE-CREW,cpc
TC101920,2026-07-23,59.01,true,TC-TEE-CREW,cpc
TC101921,2026-07-23,80.08,true,TC-TEE-CREW,google
TC101922,2026-07-23,76.71,true,TC-TEE-CREW,google_ads
TC101923,2026-07-23,85.44,true,TC-TEE-CREW,
TC101924,2026-07-23,81.10,true,TC-TEE-CREW,cpc
TC101925,2026-07-23,86.02,true,TC-TEE-CREW,
TC101926,2026-07-23,68.13,true,TC-TEE-CREW,google
TC101927,2026-07-23,88.36,true,TC-TEE-CREW,
TC101928,2026-07-23,87.11,true,TC-TEE-CREW,google_ads
TC101929,2026-07-23,80.86,true,TC-TEE-CREW,google
TC101930,2026-07-23,81.60,true,TC-TEE-CREW,google
TC101931,2026-07-23,72.20,true,TC-TEE-CREW,google
TC101932,2026-07-23,89.25,true,TC-TEE-CREW,google_ads
TC101933,2026-07-23,63.50,true,TC-TEE-CREW,google_ads
TC101934,2026-07-23,89.28,true,TC-TEE-CREW,google_ads
TC101935,2026-07-23,60.78,true,TC-TEE-CREW,google_ads
TC101936,2026-07-23,62.87,true,TC-TEE-CREW,google
TC101937,2026-07-23,72.81,true,TC-TEE-CREW,google_ads
TC101938,2026-07-23,58.48,true,TC-TEE-CREW,cpc
TC101939,2026-07-23,57.13,true,TC-TEE-CREW,
TC101940,2026-07-23,72.25,true,TC-TEE-CREW,
TC101941,2026-07-23,82.97,true,TC-TEE-CREW,google_ads
TC101942,2026-07-23,75.05,true,TC-TEE-CREW,cpc
TC101943,2026-07-23,62.44,true,TC-TEE-CREW,cpc
TC101944,2026-07-23,68.06,true,TC-TEE-CREW,cpc
TC101945,2026-07-23,74.09,true,TC-TEE-CREW,google
TC101946,2026-07-23,66.89,true,TC-TEE-CREW,google
TC101947,2026-07-23,54.58,true,TC-TEE-CREW,google
TC101948,2026-07-23,76.15,true,TC-TEE-CREW,google_ads
TC101949,2026-07-23,62.50,true,TC-TEE-CREW,google_ads
TC101950,2026-07-23,62.19,false,TC-TEE-CREW,cpc
TC101951,2026-07-23,69.99,false,TC-TEE-CREW,google_ads
TC101952,2026-07-23,57.93,false,TC-TEE-CREW,
TC101953,2026-07-23,54.44,false,TC-TEE-CREW,
TC101954,2026-07-23,83.72,false,TC-TEE-CREW,
TC101955,2026-07-23,65.32,false,TC-TEE-CREW,google_ads
TC101956,2026-07-23,54.20,false,TC-TEE-CREW,google_ads
TC101957,2026-07-23,67.34,false,TC-TEE-CREW,cpc
TC101958,2026-07-23,74.46,false,TC-TEE-CREW,google_ads
TC101959,2026-07-23,62.26,false,TC-TEE-CREW,
TC101960,2026-07-23,72.52,false,TC-TEE-CREW,cpc
TC101961,2026-07-23,74.58,false,TC-TEE-CREW,google
TC101962,2026-07-23,70.59,false,TC-TEE-CREW,google_ads
TC101963,2026-07-23,72.08,false,TC-TEE-CREW,cpc
TC101964,2026-07-23,78.15,false,TC-TEE-CREW,google
TC101965,2026-07-23,89.63,false,TC-TEE-CREW,google_ads
TC101966,2026-07-23,82.16,false,TC-TEE-CREW,
TC101967,2026-07-23,87.68,false,TC-TEE-CREW,google
TC101968,2026-07-23,88.29,false,TC-TEE-CREW,cpc
TC101969,2026-07-23,65.90,false,TC-TEE-CREW,google_ads
TC101970,2026-07-23,77.27,false,TC-TEE-CREW,
TC101971,2026-07-23,71.01,false,TC-TEE-CREW,google
TC101972,2026-07-23,82.01,false,TC-TEE-CREW,google
TC101973,2026-07-23,79.82,false,TC-TEE-CREW,cpc
TC101974,2026-07-23,69.57,false,TC-TEE-CREW,cpc
TC101975,2026-07-23,79.99,false,TC-TEE-CREW,google_ads
TC101976,2026-07-23,85.57,false,TC-TEE-CREW,google
TC101977,2026-07-23,77.75,false,TC-TEE-CREW,google_ads
TC101978,2026-07-23,57.41,false,TC-TEE-CREW,
TC101979,2026-07-23,10.73,false,TC-TEE-CREW,google_ads
TC101980,2026-07-23,85.81,true,TC-TEE-CREW,cpc
TC101981,2026-07-23,82.49,true,TC-TEE-CREW,
TC101982,2026-07-23,66.53,true,TC-TEE-CREW,google_ads
TC101983,2026-07-23,62.13,true,TC-TEE-CREW,google_ads
TC101984,2026-07-23,59.68,true,TC-TEE-CREW,cpc
TC101985,2026-07-23,77.50,true,TC-TEE-CREW,google
TC101986,2026-07-23,77.65,true,TC-TEE-CREW,cpc
TC101987,2026-07-23,63.01,true,TC-TEE-CREW,google_ads
TC101988,2026-07-23,81.01,true,TC-TEE-CREW,google
TC101989,2026-07-23,80.55,true,TC-TEE-CREW,google_ads
TC101990,2026-07-23,86.88,true,TC-TEE-CREW,google_ads
TC101991,2026-07-23,78.04,true,TC-TEE-CREW,google_ads
TC101992,2026-07-23,62.46,true,TC-TEE-CREW,
TC101993,2026-07-23,76.45,true,TC-TEE-CREW,google
TC101994,2026-07-23,75.51,true,TC-TEE-CREW,google_ads
TC101995,2026-07-23,59.36,true,TC-TEE-CREW,
TC101996,2026-07-23,74.62,true,TC-TEE-CREW,google_ads
TC101997,2026-07-23,81.58,true,TC-TEE-CREW,
TC101998,2026-07-23,59.19,true,TC-TEE-CREW,
TC101999,2026-07-23,87.12,true,TC-TEE-CREW,cpc
TC102000,2026-07-23,84.20,true,TC-TEE-CREW,google
TC102001,2026-07-23,61.00,true,TC-TEE-CREW,google_ads
TC102002,2026-07-23,66.95,true,TC-TEE-CREW,google_ads
TC102003,2026-07-23,77.25,true,TC-TEE-CREW,google
TC102004,2026-07-23,65.85,false,TC-TEE-CREW,
TC102005,2026-07-23,75.22,false,TC-TEE-CREW,cpc
TC102006,2026-07-23,61.69,false,TC-TEE-CREW,google_ads
TC102007,2026-07-23,47.64,false,TC-TEE-CREW,cpc
TC102008,2026-07-23,61.27,true,TC-SHIRT-OXFORD,google
TC102009,2026-07-23,64.11,true,TC-SHIRT-OXFORD,cpc
TC102010,2026-07-23,87.33,true,TC-SHIRT-OXFORD,google
TC102011,2026-07-23,59.28,true,TC-SHIRT-OXFORD,
TC102012,2026-07-23,79.04,true,TC-SHIRT-OXFORD,cpc
TC102013,2026-07-23,85.91,true,TC-SHIRT-OXFORD,google_ads
TC102014,2026-07-23,88.99,true,TC-SHIRT-OXFORD,
TC102015,2026-07-23,68.64,false,TC-SHIRT-OXFORD,
TC102016,2026-07-23,67.24,false,TC-SHIRT-OXFORD,google
TC102017,2026-07-23,69.97,false,TC-SHIRT-OXFORD,google
TC102018,2026-07-23,79.48,false,TC-SHIRT-OXFORD,
TC102019,2026-07-23,62.12,false,TC-SHIRT-OXFORD,google
TC102020,2026-07-23,62.73,false,TC-SHIRT-OXFORD,cpc
TC102021,2026-07-23,85.42,false,TC-SHIRT-OXFORD,
TC102022,2026-07-23,83.22,false,TC-SHIRT-OXFORD,google
TC102023,2026-07-23,72.40,false,TC-SHIRT-OXFORD,google_ads
TC102024,2026-07-23,74.88,false,TC-SHIRT-OXFORD,google
TC102025,2026-07-23,59.74,false,TC-SHIRT-OXFORD,google
TC102026,2026-07-23,68.74,true,TC-TEE-CREW,google
TC102027,2026-07-23,59.98,true,TC-TEE-CREW,cpc
TC102028,2026-07-23,74.75,true,TC-TEE-CREW,
TC102029,2026-07-23,63.58,true,TC-TEE-CREW,cpc
TC102030,2026-07-23,58.46,true,TC-TEE-CREW,google
TC102031,2026-07-23,84.14,true,TC-TEE-CREW,google_ads
TC102032,2026-07-23,58.87,true,TC-TEE-CREW,google
TC102033,2026-07-23,75.66,true,TC-TEE-CREW,
TC102034,2026-07-23,80.23,true,TC-TEE-CREW,google
TC102035,2026-07-23,86.79,true,TC-TEE-CREW,
TC102036,2026-07-23,53.95,true,TC-TEE-CREW,cpc
TC102037,2026-07-23,86.42,true,TC-TEE-CREW,google_ads
TC102038,2026-07-23,82.64,true,TC-TEE-CREW,
TC102039,2026-07-23,62.00,true,TC-TEE-CREW,google
TC102040,2026-07-23,74.54,true,TC-TEE-CREW,google
TC102041,2026-07-23,57.15,true,TC-TEE-CREW,cpc
TC102042,2026-07-23,56.59,true,TC-TEE-CREW,cpc
TC102043,2026-07-23,80.97,true,TC-TEE-CREW,
TC102044,2026-07-23,61.92,true,TC-TEE-CREW,google_ads
TC102045,2026-07-23,87.38,true,TC-TEE-CREW,google
TC102046,2026-07-23,64.45,true,TC-TEE-CREW,cpc
TC102047,2026-07-23,63.15,true,TC-TEE-CREW,google_ads
TC102048,2026-07-23,61.75,false,TC-TEE-CREW,cpc
TC102049,2026-07-23,68.62,false,TC-TEE-CREW,google
TC102050,2026-07-23,69.92,false,TC-TEE-CREW,google
TC102051,2026-07-23,56.93,false,TC-TEE-CREW,cpc
TC102052,2026-07-23,60.57,false,TC-TEE-CREW,google
TC102053,2026-07-23,60.28,false,TC-TEE-CREW,cpc
TC102054,2026-07-23,64.72,false,TC-TEE-CREW,cpc
TC102055,2026-07-23,72.76,false,TC-TEE-CREW,google_ads
TC102056,2026-07-23,139.98,false,TC-TEE-CREW,
TC102057,2026-07-24,85.87,true,TC-TEE-CREW,meta
TC102058,2026-07-24,57.45,true,TC-TEE-CREW,instagram
TC102059,2026-07-24,75.02,true,TC-TEE-CREW,meta
TC102060,2026-07-24,61.82,true,TC-TEE-CREW,facebook
TC102061,2026-07-24,59.61,true,TC-TEE-CREW,instagram
TC102062,2026-07-24,54.12,true,TC-TEE-CREW,facebook
TC102063,2026-07-24,61.17,true,TC-TEE-CREW,meta
TC102064,2026-07-24,55.76,true,TC-TEE-CREW,meta
TC102065,2026-07-24,76.58,true,TC-TEE-CREW,instagram
TC102066,2026-07-24,85.30,true,TC-TEE-CREW,facebook
TC102067,2026-07-24,71.35,true,TC-TEE-CREW,facebook
TC102068,2026-07-24,75.26,true,TC-TEE-CREW,
TC102069,2026-07-24,65.31,true,TC-TEE-CREW,
TC102070,2026-07-24,72.18,true,TC-TEE-CREW,instagram
TC102071,2026-07-24,75.01,true,TC-TEE-CREW,
TC102072,2026-07-24,78.96,true,TC-TEE-CREW,
TC102073,2026-07-24,56.15,true,TC-TEE-CREW,meta
TC102074,2026-07-24,69.97,true,TC-TEE-CREW,instagram
TC102075,2026-07-24,79.13,true,TC-TEE-CREW,facebook
TC102076,2026-07-24,78.90,true,TC-TEE-CREW,meta
TC102077,2026-07-24,87.62,true,TC-TEE-CREW,instagram
TC102078,2026-07-24,60.48,true,TC-TEE-CREW,meta
TC102079,2026-07-24,86.40,true,TC-TEE-CREW,facebook
TC102080,2026-07-24,75.06,true,TC-TEE-CREW,
TC102081,2026-07-24,72.17,true,TC-TEE-CREW,meta
TC102082,2026-07-24,64.62,true,TC-TEE-CREW,facebook
TC102083,2026-07-24,84.92,true,TC-TEE-CREW,facebook
TC102084,2026-07-24,57.43,true,TC-TEE-CREW,instagram
TC102085,2026-07-24,54.09,true,TC-TEE-CREW,facebook
TC102086,2026-07-24,70.17,true,TC-TEE-CREW,instagram
TC102087,2026-07-24,69.49,true,TC-TEE-CREW,instagram
TC102088,2026-07-24,75.77,true,TC-TEE-CREW,meta
TC102089,2026-07-24,66.24,true,TC-TEE-CREW,
TC102090,2026-07-24,63.18,true,TC-TEE-CREW,instagram
TC102091,2026-07-24,58.34,true,TC-TEE-CREW,
TC102092,2026-07-24,88.44,true,TC-TEE-CREW,meta
TC102093,2026-07-24,54.44,true,TC-TEE-CREW,meta
TC102094,2026-07-24,54.87,true,TC-TEE-CREW,meta
TC102095,2026-07-24,69.34,false,TC-TEE-CREW,instagram
TC102096,2026-07-24,59.21,false,TC-TEE-CREW,facebook
TC102097,2026-07-24,85.78,false,TC-TEE-CREW,facebook
TC102098,2026-07-24,67.98,false,TC-TEE-CREW,meta
TC102099,2026-07-24,55.66,false,TC-TEE-CREW,meta
TC102100,2026-07-24,85.51,false,TC-TEE-CREW,meta
TC102101,2026-07-24,83.67,false,TC-TEE-CREW,meta
TC102102,2026-07-24,82.51,false,TC-TEE-CREW,facebook
TC102103,2026-07-24,89.24,false,TC-TEE-CREW,
TC102104,2026-07-24,89.61,false,TC-TEE-CREW,
TC102105,2026-07-24,63.24,false,TC-TEE-CREW,instagram
TC102106,2026-07-24,85.21,false,TC-TEE-CREW,facebook
TC102107,2026-07-24,71.14,false,TC-TEE-CREW,facebook
TC102108,2026-07-24,122.66,false,TC-TEE-CREW,
TC102109,2026-07-24,69.25,true,TC-TEE-CREW,meta
TC102110,2026-07-24,84.87,true,TC-TEE-CREW,meta
TC102111,2026-07-24,68.21,true,TC-TEE-CREW,
TC102112,2026-07-24,69.42,true,TC-TEE-CREW,facebook
TC102113,2026-07-24,73.68,false,TC-TEE-CREW,instagram
TC102114,2026-07-24,66.62,false,TC-TEE-CREW,
TC102115,2026-07-24,82.09,false,TC-TEE-CREW,instagram
TC102116,2026-07-24,54.58,false,TC-TEE-CREW,
TC102117,2026-07-24,78.91,false,TC-TEE-CREW,instagram
TC102118,2026-07-24,79.31,false,TC-TEE-CREW,meta
TC102119,2026-07-24,78.73,false,TC-TEE-CREW,meta
TC102120,2026-07-24,53.70,false,TC-TEE-CREW,
TC102121,2026-07-24,77.66,false,TC-TEE-CREW,instagram
TC102122,2026-07-24,58.91,false,TC-TEE-CREW,instagram
TC102123,2026-07-24,73.66,false,TC-TEE-CREW,
TC102124,2026-07-24,77.71,false,TC-TEE-CREW,facebook
TC102125,2026-07-24,77.59,false,TC-TEE-CREW,meta
TC102126,2026-07-24,76.00,false,TC-TEE-CREW,
TC102127,2026-07-24,55.61,false,TC-TEE-CREW,
TC102128,2026-07-24,77.70,false,TC-TEE-CREW,instagram
TC102129,2026-07-24,83.84,false,TC-TEE-CREW,facebook
TC102130,2026-07-24,75.54,false,TC-TEE-CREW,facebook
TC102131,2026-07-24,83.13,false,TC-TEE-CREW,
TC102132,2026-07-24,67.26,false,TC-TEE-CREW,
TC102133,2026-07-24,59.14,false,TC-TEE-CREW,instagram
TC102134,2026-07-24,59.62,false,TC-TEE-CREW,instagram
TC102135,2026-07-24,72.46,false,TC-TEE-CREW,facebook
TC102136,2026-07-24,69.23,false,TC-TEE-CREW,meta
TC102137,2026-07-24,74.31,true,TC-TEE-CREW,meta
TC102138,2026-07-24,86.63,true,TC-TEE-CREW,instagram
TC102139,2026-07-24,67.27,true,TC-TEE-CREW,instagram
TC102140,2026-07-24,81.03,true,TC-TEE-CREW,instagram
TC102141,2026-07-24,62.29,true,TC-TEE-CREW,facebook
TC102142,2026-07-24,66.90,true,TC-TEE-CREW,instagram
TC102143,2026-07-24,72.16,true,TC-TEE-CREW,meta
TC102144,2026-07-24,68.63,false,TC-TEE-CREW,facebook
TC102145,2026-07-24,72.06,false,TC-TEE-CREW,
TC102146,2026-07-24,48.94,false,TC-TEE-CREW,facebook
TC102147,2026-07-24,69.44,true,TC-UND-BOXER,facebook
TC102148,2026-07-24,61.92,true,TC-UND-BOXER,instagram
TC102149,2026-07-24,85.31,true,TC-UND-BOXER,meta
TC102150,2026-07-24,74.96,true,TC-UND-BOXER,instagram
TC102151,2026-07-24,70.29,true,TC-UND-BOXER,
TC102152,2026-07-24,66.58,true,TC-UND-BOXER,meta
TC102153,2026-07-24,62.54,false,TC-UND-BOXER,meta
TC102154,2026-07-24,76.89,true,TC-MIXED,
TC102155,2026-07-24,63.37,false,TC-MIXED,meta
TC102156,2026-07-24,67.63,false,TC-MIXED,instagram
TC102157,2026-07-24,55.74,false,TC-MIXED,
TC102158,2026-07-24,77.62,false,TC-MIXED,instagram
TC102159,2026-07-24,70.15,false,TC-MIXED,
TC102160,2026-07-24,63.03,false,TC-MIXED,instagram
TC102161,2026-07-24,55.14,false,TC-UNKNOWN-CLEARANCE,facebook
TC102162,2026-07-24,74.18,false,TC-MIXED,meta
TC102163,2026-07-24,82.31,false,TC-MIXED,
TC102164,2026-07-24,60.70,false,TC-MIXED,
TC102165,2026-07-24,69.19,false,TC-MIXED,
TC102166,2026-07-24,114.51,false,TC-MIXED,facebook
TC102167,2026-07-24,57.02,true,TC-TEE-CREW,google_ads
TC102168,2026-07-24,80.37,true,TC-TEE-CREW,google
TC102169,2026-07-24,58.30,true,TC-TEE-CREW,google
TC102170,2026-07-24,66.38,true,TC-TEE-CREW,google_ads
TC102171,2026-07-24,86.68,true,TC-TEE-CREW,
TC102172,2026-07-24,79.34,true,TC-TEE-CREW,google
TC102173,2026-07-24,64.08,true,TC-TEE-CREW,
TC102174,2026-07-24,66.59,true,TC-TEE-CREW,google_ads
TC102175,2026-07-24,56.89,true,TC-TEE-CREW,google
TC102176,2026-07-24,64.13,true,TC-TEE-CREW,google_ads
TC102177,2026-07-24,54.80,true,TC-TEE-CREW,cpc
TC102178,2026-07-24,76.87,true,TC-TEE-CREW,google
TC102179,2026-07-24,85.57,true,TC-TEE-CREW,google_ads
TC102180,2026-07-24,79.20,true,TC-TEE-CREW,google
TC102181,2026-07-24,85.39,true,TC-TEE-CREW,cpc
TC102182,2026-07-24,89.62,true,TC-TEE-CREW,
TC102183,2026-07-24,84.64,true,TC-TEE-CREW,cpc
TC102184,2026-07-24,73.90,true,TC-TEE-CREW,google_ads
TC102185,2026-07-24,56.70,true,TC-TEE-CREW,google
TC102186,2026-07-24,64.82,true,TC-TEE-CREW,cpc
TC102187,2026-07-24,61.73,true,TC-TEE-CREW,
TC102188,2026-07-24,71.96,true,TC-TEE-CREW,google_ads
TC102189,2026-07-24,69.31,true,TC-TEE-CREW,cpc
TC102190,2026-07-24,61.08,true,TC-TEE-CREW,
TC102191,2026-07-24,55.69,true,TC-TEE-CREW,cpc
TC102192,2026-07-24,83.16,true,TC-TEE-CREW,
TC102193,2026-07-24,85.28,true,TC-TEE-CREW,cpc
TC102194,2026-07-24,72.67,true,TC-TEE-CREW,google_ads
TC102195,2026-07-24,67.38,true,TC-TEE-CREW,
TC102196,2026-07-24,82.80,true,TC-TEE-CREW,cpc
TC102197,2026-07-24,55.76,true,TC-TEE-CREW,google
TC102198,2026-07-24,79.08,true,TC-TEE-CREW,google_ads
TC102199,2026-07-24,58.43,true,TC-TEE-CREW,
TC102200,2026-07-24,59.10,true,TC-TEE-CREW,cpc
TC102201,2026-07-24,80.33,true,TC-TEE-CREW,
TC102202,2026-07-24,90.20,true,TC-TEE-CREW,cpc
TC102203,2026-07-24,90.20,false,TC-TEE-CREW,
TC102204,2026-07-24,55.97,false,TC-TEE-CREW,cpc
TC102205,2026-07-24,55.16,false,TC-TEE-CREW,
TC102206,2026-07-24,78.24,false,TC-TEE-CREW,cpc
TC102207,2026-07-24,60.14,false,TC-TEE-CREW,google_ads
TC102208,2026-07-24,66.64,false,TC-TEE-CREW,google
TC102209,2026-07-24,76.57,false,TC-TEE-CREW,google
TC102210,2026-07-24,86.21,false,TC-TEE-CREW,google
TC102211,2026-07-24,85.02,false,TC-TEE-CREW,cpc
TC102212,2026-07-24,67.39,false,TC-TEE-CREW,cpc
TC102213,2026-07-24,80.14,false,TC-TEE-CREW,google
TC102214,2026-07-24,78.48,false,TC-TEE-CREW,google_ads
TC102215,2026-07-24,83.48,false,TC-TEE-CREW,
TC102216,2026-07-24,83.02,false,TC-TEE-CREW,google_ads
TC102217,2026-07-24,54.35,false,TC-TEE-CREW,google
TC102218,2026-07-24,76.36,false,TC-TEE-CREW,google
TC102219,2026-07-24,77.84,false,TC-TEE-CREW,
TC102220,2026-07-24,66.82,false,TC-TEE-CREW,
TC102221,2026-07-24,68.63,false,TC-TEE-CREW,google_ads
TC102222,2026-07-24,71.97,false,TC-TEE-CREW,
TC102223,2026-07-24,57.15,false,TC-TEE-CREW,
TC102224,2026-07-24,65.59,false,TC-TEE-CREW,google
TC102225,2026-07-24,79.91,false,TC-TEE-CREW,cpc
TC102226,2026-07-24,82.44,false,TC-TEE-CREW,google
TC102227,2026-07-24,88.94,false,TC-TEE-CREW,google
TC102228,2026-07-24,54.30,false,TC-TEE-CREW,google_ads
TC102229,2026-07-24,60.23,false,TC-TEE-CREW,cpc
TC102230,2026-07-24,54.73,false,TC-TEE-CREW,
TC102231,2026-07-24,64.72,false,TC-TEE-CREW,google
TC102232,2026-07-24,55.89,false,TC-TEE-CREW,cpc
TC102233,2026-07-24,83.70,false,TC-TEE-CREW,
TC102234,2026-07-24,55.51,false,TC-TEE-CREW,google_ads
TC102235,2026-07-24,55.97,false,TC-TEE-CREW,google
TC102236,2026-07-24,75.54,false,TC-TEE-CREW,google_ads
TC102237,2026-07-24,83.20,false,TC-TEE-CREW,
TC102238,2026-07-24,58.37,false,TC-TEE-CREW,google
TC102239,2026-07-24,86.78,false,TC-TEE-CREW,
TC102240,2026-07-24,164.75,false,TC-TEE-CREW,google_ads
TC102241,2026-07-24,72.99,true,TC-TEE-CREW,cpc
TC102242,2026-07-24,77.78,true,TC-TEE-CREW,
TC102243,2026-07-24,91.05,true,TC-TEE-CREW,
TC102244,2026-07-24,55.12,true,TC-TEE-CREW,cpc
TC102245,2026-07-24,67.02,true,TC-TEE-CREW,cpc
TC102246,2026-07-24,56.48,true,TC-TEE-CREW,cpc
TC102247,2026-07-24,66.97,true,TC-TEE-CREW,google_ads
TC102248,2026-07-24,69.31,true,TC-TEE-CREW,cpc
TC102249,2026-07-24,74.86,true,TC-TEE-CREW,google
TC102250,2026-07-24,57.77,true,TC-TEE-CREW,
TC102251,2026-07-24,57.30,true,TC-TEE-CREW,cpc
TC102252,2026-07-24,89.73,true,TC-TEE-CREW,google
TC102253,2026-07-24,62.14,true,TC-TEE-CREW,google_ads
TC102254,2026-07-24,76.13,true,TC-TEE-CREW,cpc
TC102255,2026-07-24,70.86,true,TC-TEE-CREW,google
TC102256,2026-07-24,78.08,true,TC-TEE-CREW,google_ads
TC102257,2026-07-24,74.71,true,TC-TEE-CREW,google_ads
TC102258,2026-07-24,68.35,true,TC-TEE-CREW,
TC102259,2026-07-24,57.91,true,TC-TEE-CREW,
TC102260,2026-07-24,66.16,true,TC-TEE-CREW,
TC102261,2026-07-24,65.13,false,TC-TEE-CREW,google_ads
TC102262,2026-07-24,81.00,false,TC-TEE-CREW,cpc
TC102263,2026-07-24,72.97,false,TC-TEE-CREW,google_ads
TC102264,2026-07-24,88.80,false,TC-TEE-CREW,google_ads
TC102265,2026-07-24,62.46,false,TC-TEE-CREW,google_ads
TC102266,2026-07-24,142.82,false,TC-TEE-CREW,google
TC102267,2026-07-24,69.56,true,TC-SHIRT-OXFORD,
TC102268,2026-07-24,83.65,true,TC-SHIRT-OXFORD,google
TC102269,2026-07-24,81.13,true,TC-SHIRT-OXFORD,google
TC102270,2026-07-24,74.97,true,TC-SHIRT-OXFORD,
TC102271,2026-07-24,57.90,true,TC-SHIRT-OXFORD,google
TC102272,2026-07-24,53.78,true,TC-SHIRT-OXFORD,
TC102273,2026-07-24,59.38,true,TC-SHIRT-OXFORD,cpc
TC102274,2026-07-24,77.19,true,TC-SHIRT-OXFORD,google
TC102275,2026-07-24,77.68,false,TC-SHIRT-OXFORD,
TC102276,2026-07-24,65.64,false,TC-SHIRT-OXFORD,google
TC102277,2026-07-24,70.28,false,TC-SHIRT-OXFORD,google_ads
TC102278,2026-07-24,72.12,false,TC-SHIRT-OXFORD,google_ads
TC102279,2026-07-24,83.30,false,TC-SHIRT-OXFORD,
TC102280,2026-07-24,61.46,false,TC-SHIRT-OXFORD,cpc
TC102281,2026-07-24,82.01,false,TC-SHIRT-OXFORD,
TC102282,2026-07-24,67.51,false,TC-SHIRT-OXFORD,
TC102283,2026-07-24,61.97,true,TC-TEE-CREW,
TC102284,2026-07-24,88.98,true,TC-TEE-CREW,google_ads
TC102285,2026-07-24,59.46,true,TC-TEE-CREW,google
TC102286,2026-07-24,78.84,true,TC-TEE-CREW,google_ads
TC102287,2026-07-24,88.12,true,TC-TEE-CREW,google
TC102288,2026-07-24,86.69,true,TC-TEE-CREW,
TC102289,2026-07-24,78.69,true,TC-TEE-CREW,google_ads
TC102290,2026-07-24,59.04,true,TC-TEE-CREW,cpc
TC102291,2026-07-24,85.74,true,TC-TEE-CREW,google_ads
TC102292,2026-07-24,64.54,true,TC-TEE-CREW,cpc
TC102293,2026-07-24,89.51,true,TC-TEE-CREW,cpc
TC102294,2026-07-24,56.55,true,TC-TEE-CREW,google_ads
TC102295,2026-07-24,61.40,true,TC-TEE-CREW,
TC102296,2026-07-24,75.13,true,TC-TEE-CREW,
TC102297,2026-07-24,79.51,true,TC-TEE-CREW,
TC102298,2026-07-24,86.90,true,TC-TEE-CREW,google_ads
TC102299,2026-07-24,81.35,true,TC-TEE-CREW,
TC102300,2026-07-24,90.25,true,TC-TEE-CREW,cpc
TC102301,2026-07-24,89.44,true,TC-TEE-CREW,cpc
TC102302,2026-07-24,82.22,true,TC-TEE-CREW,
TC102303,2026-07-24,62.84,true,TC-TEE-CREW,cpc
TC102304,2026-07-24,80.48,true,TC-TEE-CREW,cpc
TC102305,2026-07-24,65.51,true,TC-TEE-CREW,google
TC102306,2026-07-24,86.13,true,TC-TEE-CREW,cpc
TC102307,2026-07-24,85.46,true,TC-TEE-CREW,google_ads
TC102308,2026-07-24,72.15,true,TC-TEE-CREW,cpc
TC102309,2026-07-24,87.08,true,TC-TEE-CREW,google
TC102310,2026-07-24,64.22,false,TC-TEE-CREW,
TC102311,2026-07-24,64.77,false,TC-TEE-CREW,google_ads
TC102312,2026-07-24,73.10,false,TC-TEE-CREW,google_ads
TC102313,2026-07-24,65.18,false,TC-TEE-CREW,cpc
TC102314,2026-07-24,89.89,false,TC-TEE-CREW,google
TC102315,2026-07-24,17.63,false,TC-TEE-CREW,cpc
TC102316,2026-07-24,1.96,false,TC-TEE-CREW,
TC102317,2026-07-25,59.77,true,TC-TEE-CREW,instagram
TC102318,2026-07-25,60.32,true,TC-TEE-CREW,meta
TC102319,2026-07-25,69.47,true,TC-TEE-CREW,facebook
TC102320,2026-07-25,56.93,true,TC-TEE-CREW,
TC102321,2026-07-25,56.59,true,TC-TEE-CREW,facebook
TC102322,2026-07-25,76.41,true,TC-TEE-CREW,
TC102323,2026-07-25,75.20,true,TC-TEE-CREW,facebook
TC102324,2026-07-25,68.14,true,TC-TEE-CREW,facebook
TC102325,2026-07-25,54.68,true,TC-TEE-CREW,instagram
TC102326,2026-07-25,80.85,true,TC-TEE-CREW,instagram
TC102327,2026-07-25,55.93,true,TC-TEE-CREW,facebook
TC102328,2026-07-25,53.79,true,TC-TEE-CREW,instagram
TC102329,2026-07-25,78.63,true,TC-TEE-CREW,
TC102330,2026-07-25,74.13,true,TC-TEE-CREW,
TC102331,2026-07-25,63.11,true,TC-TEE-CREW,
TC102332,2026-07-25,87.34,true,TC-TEE-CREW,meta
TC102333,2026-07-25,68.11,true,TC-TEE-CREW,instagram
TC102334,2026-07-25,71.61,true,TC-TEE-CREW,
TC102335,2026-07-25,85.58,true,TC-TEE-CREW,instagram
TC102336,2026-07-25,57.16,true,TC-TEE-CREW,instagram
TC102337,2026-07-25,82.70,true,TC-TEE-CREW,facebook
TC102338,2026-07-25,69.81,true,TC-TEE-CREW,meta
TC102339,2026-07-25,55.11,true,TC-TEE-CREW,instagram
TC102340,2026-07-25,60.57,true,TC-TEE-CREW,
TC102341,2026-07-25,72.14,true,TC-TEE-CREW,facebook
TC102342,2026-07-25,79.80,true,TC-TEE-CREW,meta
TC102343,2026-07-25,62.30,true,TC-TEE-CREW,
TC102344,2026-07-25,76.71,true,TC-TEE-CREW,
TC102345,2026-07-25,72.20,true,TC-TEE-CREW,meta
TC102346,2026-07-25,84.58,true,TC-TEE-CREW,meta
TC102347,2026-07-25,66.47,true,TC-TEE-CREW,meta
TC102348,2026-07-25,64.94,true,TC-TEE-CREW,facebook
TC102349,2026-07-25,73.48,true,TC-TEE-CREW,facebook
TC102350,2026-07-25,63.51,true,TC-TEE-CREW,instagram
TC102351,2026-07-25,66.82,true,TC-TEE-CREW,facebook
TC102352,2026-07-25,58.76,true,TC-TEE-CREW,
TC102353,2026-07-25,64.99,true,TC-TEE-CREW,instagram
TC102354,2026-07-25,84.05,true,TC-TEE-CREW,
TC102355,2026-07-25,54.15,true,TC-TEE-CREW,meta
TC102356,2026-07-25,76.10,true,TC-TEE-CREW,instagram
TC102357,2026-07-25,73.16,true,TC-TEE-CREW,instagram
TC102358,2026-07-25,66.43,true,TC-TEE-CREW,facebook
TC102359,2026-07-25,65.60,true,TC-TEE-CREW,facebook
TC102360,2026-07-25,60.97,true,TC-TEE-CREW,instagram
TC102361,2026-07-25,88.95,true,TC-TEE-CREW,facebook
TC102362,2026-07-25,81.37,true,TC-TEE-CREW,facebook
TC102363,2026-07-25,55.68,true,TC-TEE-CREW,facebook
TC102364,2026-07-25,71.37,true,TC-TEE-CREW,instagram
TC102365,2026-07-25,62.08,true,TC-TEE-CREW,meta
TC102366,2026-07-25,70.03,true,TC-TEE-CREW,
TC102367,2026-07-25,85.47,false,TC-TEE-CREW,
TC102368,2026-07-25,68.71,false,TC-TEE-CREW,facebook
TC102369,2026-07-25,69.99,false,TC-TEE-CREW,
TC102370,2026-07-25,61.05,false,TC-TEE-CREW,
TC102371,2026-07-25,77.16,false,TC-TEE-CREW,
TC102372,2026-07-25,60.97,false,TC-TEE-CREW,
TC102373,2026-07-25,88.16,false,TC-TEE-CREW,instagram
TC102374,2026-07-25,60.74,false,TC-TEE-CREW,facebook
TC102375,2026-07-25,65.89,false,TC-TEE-CREW,instagram
TC102376,2026-07-25,62.25,false,TC-TEE-CREW,instagram
TC102377,2026-07-25,78.41,false,TC-TEE-CREW,facebook
TC102378,2026-07-25,81.99,false,TC-TEE-CREW,facebook
TC102379,2026-07-25,88.76,false,TC-TEE-CREW,instagram
TC102380,2026-07-25,198.20,false,TC-TEE-CREW,
TC102381,2026-07-25,59.80,true,TC-TEE-CREW,meta
TC102382,2026-07-25,66.40,true,TC-TEE-CREW,facebook
TC102383,2026-07-25,66.42,true,TC-TEE-CREW,instagram
TC102384,2026-07-25,57.85,true,TC-TEE-CREW,
TC102385,2026-07-25,68.16,true,TC-TEE-CREW,meta
TC102386,2026-07-25,71.25,false,TC-TEE-CREW,facebook
TC102387,2026-07-25,60.18,false,TC-TEE-CREW,facebook
TC102388,2026-07-25,64.57,false,TC-TEE-CREW,facebook
TC102389,2026-07-25,76.27,false,TC-TEE-CREW,facebook
TC102390,2026-07-25,66.53,false,TC-TEE-CREW,facebook
TC102391,2026-07-25,53.70,false,TC-TEE-CREW,facebook
TC102392,2026-07-25,63.70,false,TC-TEE-CREW,facebook
TC102393,2026-07-25,78.59,false,TC-TEE-CREW,meta
TC102394,2026-07-25,62.09,false,TC-TEE-CREW,meta
TC102395,2026-07-25,76.88,false,TC-TEE-CREW,meta
TC102396,2026-07-25,58.48,false,TC-TEE-CREW,instagram
TC102397,2026-07-25,71.31,false,TC-TEE-CREW,
TC102398,2026-07-25,67.77,false,TC-TEE-CREW,
TC102399,2026-07-25,69.41,false,TC-TEE-CREW,
TC102400,2026-07-25,84.74,false,TC-TEE-CREW,facebook
TC102401,2026-07-25,59.48,false,TC-TEE-CREW,instagram
TC102402,2026-07-25,54.78,false,TC-TEE-CREW,instagram
TC102403,2026-07-25,73.30,false,TC-TEE-CREW,instagram
TC102404,2026-07-25,53.88,false,TC-TEE-CREW,instagram
TC102405,2026-07-25,201.40,false,TC-TEE-CREW,meta
TC102406,2026-07-25,80.46,true,TC-TEE-CREW,meta
TC102407,2026-07-25,85.46,true,TC-TEE-CREW,
TC102408,2026-07-25,89.35,true,TC-TEE-CREW,meta
TC102409,2026-07-25,74.50,true,TC-TEE-CREW,meta
TC102410,2026-07-25,73.72,true,TC-TEE-CREW,facebook
TC102411,2026-07-25,61.50,true,TC-TEE-CREW,meta
TC102412,2026-07-25,84.31,true,TC-TEE-CREW,instagram
TC102413,2026-07-25,56.15,true,TC-TEE-CREW,facebook
TC102414,2026-07-25,78.31,true,TC-TEE-CREW,instagram
TC102415,2026-07-25,62.52,true,TC-TEE-CREW,facebook
TC102416,2026-07-25,69.78,false,TC-TEE-CREW,facebook
TC102417,2026-07-25,57.76,false,TC-TEE-CREW,instagram
TC102418,2026-07-25,80.63,true,TC-UND-BOXER,instagram
TC102419,2026-07-25,65.04,true,TC-UND-BOXER,facebook
TC102420,2026-07-25,55.71,true,TC-UND-BOXER,instagram
TC102421,2026-07-25,73.97,true,TC-UND-BOXER,meta
TC102422,2026-07-25,80.73,true,TC-UND-BOXER,facebook
TC102423,2026-07-25,86.32,true,TC-UND-BOXER,
TC102424,2026-07-25,69.92,false,TC-UND-BOXER,
TC102425,2026-07-25,68.98,true,TC-MIXED,facebook
TC102426,2026-07-25,55.30,true,TC-UNKNOWN-CLEARANCE,facebook
TC102427,2026-07-25,77.45,false,TC-MIXED,facebook
TC102428,2026-07-25,72.92,false,TC-MIXED,facebook
TC102429,2026-07-25,89.85,false,TC-MIXED,meta
TC102430,2026-07-25,63.97,false,TC-MIXED,meta
TC102431,2026-07-25,87.40,false,TC-MIXED,
TC102432,2026-07-25,60.01,false,TC-MIXED,instagram
TC102433,2026-07-25,72.44,false,TC-MIXED,facebook
TC102434,2026-07-25,80.23,false,TC-MIXED,
TC102435,2026-07-25,73.22,false,TC-MIXED,meta
TC102436,2026-07-25,90.08,false,TC-MIXED,instagram
TC102437,2026-07-25,59.00,false,TC-MIXED,meta
TC102438,2026-07-25,61.32,false,TC-MIXED,meta
TC102439,2026-07-25,68.35,true,TC-TEE-CREW,google
TC102440,2026-07-25,67.75,true,TC-TEE-CREW,
TC102441,2026-07-25,86.95,true,TC-TEE-CREW,google
TC102442,2026-07-25,80.45,true,TC-TEE-CREW,cpc
TC102443,2026-07-25,77.70,true,TC-TEE-CREW,google_ads
TC102444,2026-07-25,72.76,true,TC-TEE-CREW,google_ads
TC102445,2026-07-25,79.49,true,TC-TEE-CREW,
TC102446,2026-07-25,61.90,true,TC-TEE-CREW,google_ads
TC102447,2026-07-25,62.43,true,TC-TEE-CREW,google
TC102448,2026-07-25,54.96,true,TC-TEE-CREW,google_ads
TC102449,2026-07-25,62.76,true,TC-TEE-CREW,google_ads
TC102450,2026-07-25,63.45,true,TC-TEE-CREW,
TC102451,2026-07-25,57.73,true,TC-TEE-CREW,google_ads
TC102452,2026-07-25,69.22,true,TC-TEE-CREW,google_ads
TC102453,2026-07-25,88.54,true,TC-TEE-CREW,
TC102454,2026-07-25,79.98,true,TC-TEE-CREW,google_ads
TC102455,2026-07-25,76.06,true,TC-TEE-CREW,
TC102456,2026-07-25,70.83,true,TC-TEE-CREW,
TC102457,2026-07-25,89.31,true,TC-TEE-CREW,
TC102458,2026-07-25,58.25,true,TC-TEE-CREW,
TC102459,2026-07-25,79.47,true,TC-TEE-CREW,google_ads
TC102460,2026-07-25,66.77,true,TC-TEE-CREW,cpc
TC102461,2026-07-25,55.37,true,TC-TEE-CREW,google_ads
TC102462,2026-07-25,54.86,true,TC-TEE-CREW,google
TC102463,2026-07-25,73.42,true,TC-TEE-CREW,google
TC102464,2026-07-25,64.34,true,TC-TEE-CREW,google_ads
TC102465,2026-07-25,81.46,true,TC-TEE-CREW,cpc
TC102466,2026-07-25,83.65,true,TC-TEE-CREW,
TC102467,2026-07-25,70.07,true,TC-TEE-CREW,google
TC102468,2026-07-25,69.36,true,TC-TEE-CREW,google
TC102469,2026-07-25,66.59,true,TC-TEE-CREW,google
TC102470,2026-07-25,84.54,true,TC-TEE-CREW,
TC102471,2026-07-25,65.06,true,TC-TEE-CREW,google
TC102472,2026-07-25,61.79,true,TC-TEE-CREW,
TC102473,2026-07-25,75.83,false,TC-TEE-CREW,
TC102474,2026-07-25,86.09,false,TC-TEE-CREW,cpc
TC102475,2026-07-25,63.83,false,TC-TEE-CREW,google
TC102476,2026-07-25,56.97,false,TC-TEE-CREW,cpc
TC102477,2026-07-25,67.19,false,TC-TEE-CREW,google_ads
TC102478,2026-07-25,57.31,false,TC-TEE-CREW,cpc
TC102479,2026-07-25,85.38,false,TC-TEE-CREW,google
TC102480,2026-07-25,72.24,false,TC-TEE-CREW,cpc
TC102481,2026-07-25,64.25,false,TC-TEE-CREW,
TC102482,2026-07-25,61.17,false,TC-TEE-CREW,cpc
TC102483,2026-07-25,71.59,false,TC-TEE-CREW,google_ads
TC102484,2026-07-25,71.11,false,TC-TEE-CREW,google_ads
TC102485,2026-07-25,54.16,false,TC-TEE-CREW,
TC102486,2026-07-25,61.45,false,TC-TEE-CREW,google
TC102487,2026-07-25,62.05,false,TC-TEE-CREW,
TC102488,2026-07-25,64.99,false,TC-TEE-CREW,google_ads
TC102489,2026-07-25,79.26,false,TC-TEE-CREW,cpc
TC102490,2026-07-25,67.19,false,TC-TEE-CREW,google_ads
TC102491,2026-07-25,58.30,false,TC-TEE-CREW,cpc
TC102492,2026-07-25,84.32,false,TC-TEE-CREW,
TC102493,2026-07-25,89.99,false,TC-TEE-CREW,google_ads
TC102494,2026-07-25,74.62,false,TC-TEE-CREW,cpc
TC102495,2026-07-25,81.66,false,TC-TEE-CREW,google
TC102496,2026-07-25,55.17,false,TC-TEE-CREW,
TC102497,2026-07-25,63.57,false,TC-TEE-CREW,
TC102498,2026-07-25,58.53,false,TC-TEE-CREW,google_ads
TC102499,2026-07-25,64.49,false,TC-TEE-CREW,google_ads
TC102500,2026-07-25,85.62,false,TC-TEE-CREW,cpc
TC102501,2026-07-25,64.03,false,TC-TEE-CREW,cpc
TC102502,2026-07-25,85.33,false,TC-TEE-CREW,google_ads
TC102503,2026-07-25,79.07,false,TC-TEE-CREW,
TC102504,2026-07-25,81.17,false,TC-TEE-CREW,
TC102505,2026-07-25,63.66,false,TC-TEE-CREW,google_ads
TC102506,2026-07-25,79.26,false,TC-TEE-CREW,
TC102507,2026-07-25,75.79,false,TC-TEE-CREW,google_ads
TC102508,2026-07-25,58.09,false,TC-TEE-CREW,cpc
TC102509,2026-07-25,66.18,false,TC-TEE-CREW,google_ads
TC102510,2026-07-25,70.52,false,TC-TEE-CREW,google
TC102511,2026-07-25,67.01,false,TC-TEE-CREW,google
TC102512,2026-07-25,196.88,false,TC-TEE-CREW,cpc
TC102513,2026-07-25,71.12,true,TC-TEE-CREW,google_ads
TC102514,2026-07-25,83.78,true,TC-TEE-CREW,google
TC102515,2026-07-25,70.52,true,TC-TEE-CREW,cpc
TC102516,2026-07-25,61.84,true,TC-TEE-CREW,google_ads
TC102517,2026-07-25,68.83,true,TC-TEE-CREW,cpc
TC102518,2026-07-25,74.41,true,TC-TEE-CREW,
TC102519,2026-07-25,55.05,true,TC-TEE-CREW,cpc
TC102520,2026-07-25,65.99,true,TC-TEE-CREW,
TC102521,2026-07-25,81.86,true,TC-TEE-CREW,google_ads
TC102522,2026-07-25,86.05,true,TC-TEE-CREW,
TC102523,2026-07-25,90.04,true,TC-TEE-CREW,cpc
TC102524,2026-07-25,84.65,true,TC-TEE-CREW,cpc
TC102525,2026-07-25,70.65,true,TC-TEE-CREW,
TC102526,2026-07-25,65.80,true,TC-TEE-CREW,cpc
TC102527,2026-07-25,57.78,true,TC-TEE-CREW,google_ads
TC102528,2026-07-25,81.90,true,TC-TEE-CREW,google
TC102529,2026-07-25,76.95,true,TC-TEE-CREW,
TC102530,2026-07-25,77.20,true,TC-TEE-CREW,
TC102531,2026-07-25,84.56,false,TC-TEE-CREW,google_ads
TC102532,2026-07-25,76.58,false,TC-TEE-CREW,cpc
TC102533,2026-07-25,59.78,false,TC-TEE-CREW,cpc
TC102534,2026-07-25,76.30,false,TC-TEE-CREW,cpc
TC102535,2026-07-25,42.14,false,TC-TEE-CREW,google_ads
TC102536,2026-07-25,76.63,true,TC-SHIRT-OXFORD,google
TC102537,2026-07-25,73.55,true,TC-SHIRT-OXFORD,
TC102538,2026-07-25,65.05,true,TC-SHIRT-OXFORD,cpc
TC102539,2026-07-25,83.10,true,TC-SHIRT-OXFORD,google
TC102540,2026-07-25,86.64,true,TC-SHIRT-OXFORD,google
TC102541,2026-07-25,84.65,true,TC-SHIRT-OXFORD,google
TC102542,2026-07-25,61.78,true,TC-SHIRT-OXFORD,
TC102543,2026-07-25,77.36,false,TC-SHIRT-OXFORD,google
TC102544,2026-07-25,59.02,false,TC-SHIRT-OXFORD,google_ads
TC102545,2026-07-25,57.65,false,TC-SHIRT-OXFORD,google_ads
TC102546,2026-07-25,87.82,false,TC-SHIRT-OXFORD,google
TC102547,2026-07-25,62.10,false,TC-SHIRT-OXFORD,google
TC102548,2026-07-25,82.62,false,TC-SHIRT-OXFORD,google
TC102549,2026-07-25,70.93,false,TC-SHIRT-OXFORD,cpc
TC102550,2026-07-25,81.81,false,TC-SHIRT-OXFORD,cpc
TC102551,2026-07-25,55.96,false,TC-SHIRT-OXFORD,cpc
TC102552,2026-07-25,79.80,false,TC-SHIRT-OXFORD,cpc
TC102553,2026-07-25,56.63,false,TC-SHIRT-OXFORD,cpc
TC102554,2026-07-25,76.83,true,TC-TEE-CREW,google
TC102555,2026-07-25,71.45,true,TC-TEE-CREW,google
TC102556,2026-07-25,63.02,true,TC-TEE-CREW,google_ads
TC102557,2026-07-25,55.97,true,TC-TEE-CREW,
TC102558,2026-07-25,70.51,true,TC-TEE-CREW,google
TC102559,2026-07-25,85.26,true,TC-TEE-CREW,google
TC102560,2026-07-25,84.46,true,TC-TEE-CREW,cpc
TC102561,2026-07-25,68.85,true,TC-TEE-CREW,google
TC102562,2026-07-25,70.57,true,TC-TEE-CREW,google
TC102563,2026-07-25,85.08,true,TC-TEE-CREW,cpc
TC102564,2026-07-25,85.93,true,TC-TEE-CREW,google
TC102565,2026-07-25,78.22,true,TC-TEE-CREW,google
TC102566,2026-07-25,88.08,true,TC-TEE-CREW,
TC102567,2026-07-25,75.25,true,TC-TEE-CREW,cpc
TC102568,2026-07-25,60.54,true,TC-TEE-CREW,cpc
TC102569,2026-07-25,74.10,true,TC-TEE-CREW,cpc
TC102570,2026-07-25,71.11,true,TC-TEE-CREW,cpc
TC102571,2026-07-25,84.95,true,TC-TEE-CREW,google_ads
TC102572,2026-07-25,79.54,true,TC-TEE-CREW,
TC102573,2026-07-25,59.30,true,TC-TEE-CREW,
TC102574,2026-07-25,58.33,true,TC-TEE-CREW,google
TC102575,2026-07-25,79.18,true,TC-TEE-CREW,google_ads
TC102576,2026-07-25,61.02,true,TC-TEE-CREW,google
TC102577,2026-07-25,67.46,true,TC-TEE-CREW,cpc
TC102578,2026-07-25,72.96,true,TC-TEE-CREW,cpc
TC102579,2026-07-25,83.90,true,TC-TEE-CREW,
TC102580,2026-07-25,80.62,true,TC-TEE-CREW,google_ads
TC102581,2026-07-25,67.26,true,TC-TEE-CREW,google
TC102582,2026-07-25,85.04,true,TC-TEE-CREW,
TC102583,2026-07-25,87.94,true,TC-TEE-CREW,google_ads
TC102584,2026-07-25,58.28,false,TC-TEE-CREW,cpc
TC102585,2026-07-25,80.76,false,TC-TEE-CREW,google
TC102586,2026-07-25,78.52,false,TC-TEE-CREW,
TC102587,2026-07-25,27.46,false,TC-TEE-CREW,
TC102588,2026-07-26,83.12,true,TC-TEE-CREW,facebook
TC102589,2026-07-26,79.19,true,TC-TEE-CREW,meta
TC102590,2026-07-26,56.04,true,TC-TEE-CREW,meta
TC102591,2026-07-26,61.66,true,TC-TEE-CREW,meta
TC102592,2026-07-26,81.77,true,TC-TEE-CREW,
TC102593,2026-07-26,87.20,true,TC-TEE-CREW,
TC102594,2026-07-26,70.05,true,TC-TEE-CREW,facebook
TC102595,2026-07-26,58.14,true,TC-TEE-CREW,
TC102596,2026-07-26,79.54,true,TC-TEE-CREW,facebook
TC102597,2026-07-26,65.33,true,TC-TEE-CREW,
TC102598,2026-07-26,66.67,true,TC-TEE-CREW,instagram
TC102599,2026-07-26,73.79,true,TC-TEE-CREW,facebook
TC102600,2026-07-26,71.99,true,TC-TEE-CREW,meta
TC102601,2026-07-26,81.17,true,TC-TEE-CREW,meta
TC102602,2026-07-26,70.01,true,TC-TEE-CREW,
TC102603,2026-07-26,73.07,true,TC-TEE-CREW,
TC102604,2026-07-26,84.51,true,TC-TEE-CREW,facebook
TC102605,2026-07-26,82.44,true,TC-TEE-CREW,meta
TC102606,2026-07-26,81.18,true,TC-TEE-CREW,
TC102607,2026-07-26,70.56,true,TC-TEE-CREW,meta
TC102608,2026-07-26,61.07,true,TC-TEE-CREW,instagram
TC102609,2026-07-26,79.50,true,TC-TEE-CREW,instagram
TC102610,2026-07-26,80.97,true,TC-TEE-CREW,facebook
TC102611,2026-07-26,87.85,true,TC-TEE-CREW,meta
TC102612,2026-07-26,88.07,true,TC-TEE-CREW,
TC102613,2026-07-26,55.29,true,TC-TEE-CREW,facebook
TC102614,2026-07-26,81.60,true,TC-TEE-CREW,meta
TC102615,2026-07-26,88.06,true,TC-TEE-CREW,facebook
TC102616,2026-07-26,59.57,true,TC-TEE-CREW,
TC102617,2026-07-26,67.38,true,TC-TEE-CREW,facebook
TC102618,2026-07-26,84.76,true,TC-TEE-CREW,facebook
TC102619,2026-07-26,66.67,true,TC-TEE-CREW,facebook
TC102620,2026-07-26,71.00,true,TC-TEE-CREW,facebook
TC102621,2026-07-26,77.52,true,TC-TEE-CREW,meta
TC102622,2026-07-26,88.67,true,TC-TEE-CREW,facebook
TC102623,2026-07-26,84.42,true,TC-TEE-CREW,instagram
TC102624,2026-07-26,75.45,true,TC-TEE-CREW,meta
TC102625,2026-07-26,80.47,true,TC-TEE-CREW,meta
TC102626,2026-07-26,72.91,true,TC-TEE-CREW,meta
TC102627,2026-07-26,63.24,true,TC-TEE-CREW,instagram
TC102628,2026-07-26,53.93,false,TC-TEE-CREW,instagram
TC102629,2026-07-26,67.62,false,TC-TEE-CREW,meta
TC102630,2026-07-26,68.07,false,TC-TEE-CREW,
TC102631,2026-07-26,60.41,false,TC-TEE-CREW,meta
TC102632,2026-07-26,55.99,false,TC-TEE-CREW,facebook
TC102633,2026-07-26,75.36,false,TC-TEE-CREW,meta
TC102634,2026-07-26,60.08,false,TC-TEE-CREW,facebook
TC102635,2026-07-26,55.57,false,TC-TEE-CREW,instagram
TC102636,2026-07-26,75.02,false,TC-TEE-CREW,
TC102637,2026-07-26,68.27,false,TC-TEE-CREW,facebook
TC102638,2026-07-26,86.77,false,TC-TEE-CREW,meta
TC102639,2026-07-26,72.89,false,TC-TEE-CREW,facebook
TC102640,2026-07-26,79.96,false,TC-TEE-CREW,
TC102641,2026-07-26,54.42,false,TC-TEE-CREW,meta
TC102642,2026-07-26,6.05,false,TC-TEE-CREW,facebook
TC102643,2026-07-26,87.42,true,TC-TEE-CREW,instagram
TC102644,2026-07-26,60.18,true,TC-TEE-CREW,facebook
TC102645,2026-07-26,86.53,true,TC-TEE-CREW,
TC102646,2026-07-26,59.95,true,TC-TEE-CREW,meta
TC102647,2026-07-26,70.98,true,TC-TEE-CREW,instagram
TC102648,2026-07-26,60.58,true,TC-TEE-CREW,
TC102649,2026-07-26,64.10,false,TC-TEE-CREW,facebook
TC102650,2026-07-26,55.99,false,TC-TEE-CREW,meta
TC102651,2026-07-26,55.41,false,TC-TEE-CREW,instagram
TC102652,2026-07-26,72.47,false,TC-TEE-CREW,
TC102653,2026-07-26,73.68,false,TC-TEE-CREW,meta
TC102654,2026-07-26,68.23,false,TC-TEE-CREW,facebook
TC102655,2026-07-26,55.27,false,TC-TEE-CREW,
TC102656,2026-07-26,82.34,false,TC-TEE-CREW,facebook
TC102657,2026-07-26,85.56,false,TC-TEE-CREW,meta
TC102658,2026-07-26,79.82,false,TC-TEE-CREW,meta
TC102659,2026-07-26,89.58,false,TC-TEE-CREW,meta
TC102660,2026-07-26,80.12,false,TC-TEE-CREW,meta
TC102661,2026-07-26,56.32,false,TC-TEE-CREW,facebook
TC102662,2026-07-26,88.00,false,TC-TEE-CREW,facebook
TC102663,2026-07-26,90.04,false,TC-TEE-CREW,facebook
TC102664,2026-07-26,88.41,false,TC-TEE-CREW,facebook
TC102665,2026-07-26,70.05,false,TC-TEE-CREW,facebook
TC102666,2026-07-26,58.71,false,TC-TEE-CREW,instagram
TC102667,2026-07-26,58.13,false,TC-TEE-CREW,meta
TC102668,2026-07-26,78.69,false,TC-TEE-CREW,facebook
TC102669,2026-07-26,77.98,false,TC-TEE-CREW,meta
TC102670,2026-07-26,84.31,true,TC-TEE-CREW,facebook
TC102671,2026-07-26,75.44,true,TC-TEE-CREW,meta
TC102672,2026-07-26,81.04,true,TC-TEE-CREW,instagram
TC102673,2026-07-26,64.17,true,TC-TEE-CREW,facebook
TC102674,2026-07-26,54.51,true,TC-TEE-CREW,
TC102675,2026-07-26,80.38,true,TC-TEE-CREW,meta
TC102676,2026-07-26,71.08,true,TC-TEE-CREW,meta
TC102677,2026-07-26,68.96,true,TC-TEE-CREW,facebook
TC102678,2026-07-26,58.97,true,TC-TEE-CREW,instagram
TC102679,2026-07-26,60.33,true,TC-TEE-CREW,facebook
TC102680,2026-07-26,61.89,false,TC-TEE-CREW,meta
TC102681,2026-07-26,55.97,false,TC-TEE-CREW,meta
TC102682,2026-07-26,84.28,false,TC-TEE-CREW,meta
TC102683,2026-07-26,77.09,true,TC-UND-BOXER,instagram
TC102684,2026-07-26,66.92,true,TC-UND-BOXER,instagram
TC102685,2026-07-26,57.32,true,TC-UND-BOXER,meta
TC102686,2026-07-26,70.17,true,TC-UND-BOXER,
TC102687,2026-07-26,81.45,true,TC-UND-BOXER,meta
TC102688,2026-07-26,58.83,true,TC-UND-BOXER,facebook
TC102689,2026-07-26,59.19,false,TC-UND-BOXER,meta
TC102690,2026-07-26,78.01,false,TC-UND-BOXER,instagram
TC102691,2026-07-26,86.59,true,TC-MIXED,facebook
TC102692,2026-07-26,59.30,true,TC-MIXED,meta
TC102693,2026-07-26,74.03,false,TC-UNKNOWN-CLEARANCE,
TC102694,2026-07-26,60.64,false,TC-MIXED,facebook
TC102695,2026-07-26,83.51,false,TC-MIXED,facebook
TC102696,2026-07-26,89.26,false,TC-MIXED,facebook
TC102697,2026-07-26,86.82,false,TC-MIXED,meta
TC102698,2026-07-26,75.84,false,TC-MIXED,meta
TC102699,2026-07-26,60.12,false,TC-MIXED,facebook
TC102700,2026-07-26,86.93,false,TC-MIXED,instagram
TC102701,2026-07-26,88.36,false,TC-MIXED,
TC102702,2026-07-26,61.79,false,TC-UNKNOWN-CLEARANCE,
TC102703,2026-07-26,56.00,false,TC-MIXED,
TC102704,2026-07-26,67.14,true,TC-TEE-CREW,google
TC102705,2026-07-26,70.44,true,TC-TEE-CREW,google
TC102706,2026-07-26,79.16,true,TC-TEE-CREW,google
TC102707,2026-07-26,87.94,true,TC-TEE-CREW,cpc
TC102708,2026-07-26,56.32,true,TC-TEE-CREW,google
TC102709,2026-07-26,67.73,true,TC-TEE-CREW,google_ads
TC102710,2026-07-26,61.38,true,TC-TEE-CREW,google_ads
TC102711,2026-07-26,69.42,true,TC-TEE-CREW,cpc
TC102712,2026-07-26,65.44,true,TC-TEE-CREW,google_ads
TC102713,2026-07-26,77.30,true,TC-TEE-CREW,cpc
TC102714,2026-07-26,85.21,true,TC-TEE-CREW,cpc
TC102715,2026-07-26,58.48,true,TC-TEE-CREW,cpc
TC102716,2026-07-26,64.27,true,TC-TEE-CREW,
TC102717,2026-07-26,87.49,true,TC-TEE-CREW,google
TC102718,2026-07-26,84.77,true,TC-TEE-CREW,cpc
TC102719,2026-07-26,74.07,true,TC-TEE-CREW,google
TC102720,2026-07-26,78.64,true,TC-TEE-CREW,google_ads
TC102721,2026-07-26,84.35,true,TC-TEE-CREW,cpc
TC102722,2026-07-26,55.47,true,TC-TEE-CREW,cpc
TC102723,2026-07-26,74.74,true,TC-TEE-CREW,google
TC102724,2026-07-26,87.68,true,TC-TEE-CREW,google_ads
TC102725,2026-07-26,64.38,true,TC-TEE-CREW,
TC102726,2026-07-26,65.65,true,TC-TEE-CREW,google
TC102727,2026-07-26,67.86,true,TC-TEE-CREW,google
TC102728,2026-07-26,78.05,true,TC-TEE-CREW,cpc
TC102729,2026-07-26,60.73,true,TC-TEE-CREW,google
TC102730,2026-07-26,66.40,true,TC-TEE-CREW,
TC102731,2026-07-26,88.67,true,TC-TEE-CREW,
TC102732,2026-07-26,75.80,false,TC-TEE-CREW,google
TC102733,2026-07-26,75.26,false,TC-TEE-CREW,google
TC102734,2026-07-26,73.60,false,TC-TEE-CREW,cpc
TC102735,2026-07-26,85.26,false,TC-TEE-CREW,google
TC102736,2026-07-26,83.95,false,TC-TEE-CREW,google
TC102737,2026-07-26,59.87,false,TC-TEE-CREW,
TC102738,2026-07-26,76.41,false,TC-TEE-CREW,google
TC102739,2026-07-26,68.10,false,TC-TEE-CREW,google_ads
TC102740,2026-07-26,69.50,false,TC-TEE-CREW,google_ads
TC102741,2026-07-26,54.82,false,TC-TEE-CREW,google
TC102742,2026-07-26,66.84,false,TC-TEE-CREW,cpc
TC102743,2026-07-26,57.77,false,TC-TEE-CREW,cpc
TC102744,2026-07-26,71.44,false,TC-TEE-CREW,google_ads
TC102745,2026-07-26,89.43,false,TC-TEE-CREW,google_ads
TC102746,2026-07-26,82.78,false,TC-TEE-CREW,google
TC102747,2026-07-26,82.00,false,TC-TEE-CREW,cpc
TC102748,2026-07-26,71.15,false,TC-TEE-CREW,
TC102749,2026-07-26,60.17,false,TC-TEE-CREW,
TC102750,2026-07-26,85.08,false,TC-TEE-CREW,
TC102751,2026-07-26,78.58,false,TC-TEE-CREW,google_ads
TC102752,2026-07-26,55.61,false,TC-TEE-CREW,google_ads
TC102753,2026-07-26,88.89,false,TC-TEE-CREW,google_ads
TC102754,2026-07-26,63.38,false,TC-TEE-CREW,cpc
TC102755,2026-07-26,62.77,false,TC-TEE-CREW,google
TC102756,2026-07-26,58.14,false,TC-TEE-CREW,google
TC102757,2026-07-26,69.02,false,TC-TEE-CREW,
TC102758,2026-07-26,83.61,false,TC-TEE-CREW,cpc
TC102759,2026-07-26,57.18,false,TC-TEE-CREW,google
TC102760,2026-07-26,69.17,false,TC-TEE-CREW,google
TC102761,2026-07-26,86.53,false,TC-TEE-CREW,google
TC102762,2026-07-26,61.91,false,TC-TEE-CREW,
TC102763,2026-07-26,70.82,false,TC-TEE-CREW,
TC102764,2026-07-26,68.03,false,TC-TEE-CREW,cpc
TC102765,2026-07-26,64.88,false,TC-TEE-CREW,cpc
TC102766,2026-07-26,54.35,false,TC-TEE-CREW,google_ads
TC102767,2026-07-26,55.80,false,TC-TEE-CREW,
TC102768,2026-07-26,68.22,false,TC-TEE-CREW,google_ads
TC102769,2026-07-26,69.34,false,TC-TEE-CREW,cpc
TC102770,2026-07-26,57.76,false,TC-TEE-CREW,cpc
TC102771,2026-07-26,56.89,false,TC-TEE-CREW,google_ads
TC102772,2026-07-26,68.51,false,TC-TEE-CREW,google_ads
TC102773,2026-07-26,86.45,false,TC-TEE-CREW,google_ads
TC102774,2026-07-26,75.21,false,TC-TEE-CREW,cpc
TC102775,2026-07-26,87.50,false,TC-TEE-CREW,cpc
TC102776,2026-07-26,89.23,false,TC-TEE-CREW,google_ads
TC102777,2026-07-26,68.25,false,TC-TEE-CREW,cpc
TC102778,2026-07-26,87.21,false,TC-TEE-CREW,google
TC102779,2026-07-26,54.93,false,TC-TEE-CREW,cpc
TC102780,2026-07-26,78.50,false,TC-TEE-CREW,google_ads
TC102781,2026-07-26,82.64,false,TC-TEE-CREW,google
TC102782,2026-07-26,56.88,true,TC-TEE-CREW,cpc
TC102783,2026-07-26,76.52,true,TC-TEE-CREW,google
TC102784,2026-07-26,88.48,true,TC-TEE-CREW,
TC102785,2026-07-26,71.34,true,TC-TEE-CREW,google_ads
TC102786,2026-07-26,67.04,true,TC-TEE-CREW,cpc
TC102787,2026-07-26,86.50,true,TC-TEE-CREW,
TC102788,2026-07-26,56.26,true,TC-TEE-CREW,cpc
TC102789,2026-07-26,87.90,true,TC-TEE-CREW,cpc
TC102790,2026-07-26,80.57,true,TC-TEE-CREW,
TC102791,2026-07-26,89.85,true,TC-TEE-CREW,google_ads
TC102792,2026-07-26,86.02,true,TC-TEE-CREW,cpc
TC102793,2026-07-26,74.26,true,TC-TEE-CREW,cpc
TC102794,2026-07-26,60.35,true,TC-TEE-CREW,cpc
TC102795,2026-07-26,57.04,true,TC-TEE-CREW,cpc
TC102796,2026-07-26,67.91,true,TC-TEE-CREW,cpc
TC102797,2026-07-26,84.75,true,TC-TEE-CREW,cpc
TC102798,2026-07-26,81.79,true,TC-TEE-CREW,google_ads
TC102799,2026-07-26,70.33,true,TC-TEE-CREW,google
TC102800,2026-07-26,88.31,true,TC-TEE-CREW,google
TC102801,2026-07-26,78.58,true,TC-TEE-CREW,
TC102802,2026-07-26,58.38,true,TC-TEE-CREW,cpc
TC102803,2026-07-26,70.69,true,TC-TEE-CREW,
TC102804,2026-07-26,81.13,true,TC-TEE-CREW,cpc
TC102805,2026-07-26,78.21,true,TC-TEE-CREW,
TC102806,2026-07-26,74.29,false,TC-TEE-CREW,google
TC102807,2026-07-26,67.84,false,TC-TEE-CREW,google
TC102808,2026-07-26,66.21,false,TC-TEE-CREW,google
TC102809,2026-07-26,7.36,false,TC-TEE-CREW,google_ads
TC102810,2026-07-26,83.95,true,TC-SHIRT-OXFORD,google_ads
TC102811,2026-07-26,60.82,true,TC-SHIRT-OXFORD,google
TC102812,2026-07-26,60.11,true,TC-SHIRT-OXFORD,google_ads
TC102813,2026-07-26,87.49,true,TC-SHIRT-OXFORD,
TC102814,2026-07-26,61.36,true,TC-SHIRT-OXFORD,google_ads
TC102815,2026-07-26,69.42,true,TC-SHIRT-OXFORD,
TC102816,2026-07-26,65.81,true,TC-SHIRT-OXFORD,cpc
TC102817,2026-07-26,79.45,true,TC-SHIRT-OXFORD,google
TC102818,2026-07-26,57.70,true,TC-SHIRT-OXFORD,cpc
TC102819,2026-07-26,73.04,true,TC-SHIRT-OXFORD,google
TC102820,2026-07-26,66.79,false,TC-SHIRT-OXFORD,google
TC102821,2026-07-26,78.19,false,TC-SHIRT-OXFORD,google_ads
TC102822,2026-07-26,56.56,false,TC-SHIRT-OXFORD,google_ads
TC102823,2026-07-26,70.03,false,TC-SHIRT-OXFORD,google
TC102824,2026-07-26,53.49,false,TC-SHIRT-OXFORD,
TC102825,2026-07-26,55.12,false,TC-SHIRT-OXFORD,google_ads
TC102826,2026-07-26,78.78,false,TC-SHIRT-OXFORD,
TC102827,2026-07-26,59.16,false,TC-SHIRT-OXFORD,cpc
TC102828,2026-07-26,126.55,false,TC-SHIRT-OXFORD,google_ads
TC102829,2026-07-26,78.80,true,TC-TEE-CREW,
TC102830,2026-07-26,54.89,true,TC-TEE-CREW,
TC102831,2026-07-26,66.03,true,TC-TEE-CREW,cpc
TC102832,2026-07-26,53.83,true,TC-TEE-CREW,google_ads
TC102833,2026-07-26,83.06,true,TC-TEE-CREW,google_ads
TC102834,2026-07-26,53.93,true,TC-TEE-CREW,cpc
TC102835,2026-07-26,70.46,true,TC-TEE-CREW,cpc
TC102836,2026-07-26,57.56,true,TC-TEE-CREW,cpc
TC102837,2026-07-26,79.27,true,TC-TEE-CREW,google_ads
TC102838,2026-07-26,69.37,true,TC-TEE-CREW,google
TC102839,2026-07-26,71.84,true,TC-TEE-CREW,
TC102840,2026-07-26,76.99,true,TC-TEE-CREW,google
TC102841,2026-07-26,77.69,true,TC-TEE-CREW,
TC102842,2026-07-26,62.83,true,TC-TEE-CREW,
TC102843,2026-07-26,87.80,true,TC-TEE-CREW,google
TC102844,2026-07-26,63.84,true,TC-TEE-CREW,google
TC102845,2026-07-26,87.67,true,TC-TEE-CREW,
TC102846,2026-07-26,63.90,true,TC-TEE-CREW,
TC102847,2026-07-26,76.42,true,TC-TEE-CREW,
TC102848,2026-07-26,56.72,true,TC-TEE-CREW,google_ads
TC102849,2026-07-26,79.57,true,TC-TEE-CREW,google
TC102850,2026-07-26,64.12,true,TC-TEE-CREW,google_ads
TC102851,2026-07-26,74.35,true,TC-TEE-CREW,
TC102852,2026-07-26,54.99,true,TC-TEE-CREW,
TC102853,2026-07-26,84.92,true,TC-TEE-CREW,cpc
TC102854,2026-07-26,84.87,true,TC-TEE-CREW,google_ads
TC102855,2026-07-26,80.70,false,TC-TEE-CREW,google
TC102856,2026-07-26,66.58,false,TC-TEE-CREW,cpc
TC102857,2026-07-26,78.18,false,TC-TEE-CREW,cpc
TC102858,2026-07-26,62.37,false,TC-TEE-CREW,
TC102859,2026-07-26,79.23,false,TC-TEE-CREW,google
TC102860,2026-07-26,80.00,false,TC-TEE-CREW,google
TC102861,2026-07-26,67.98,false,TC-TEE-CREW,cpc
TC102862,2026-07-26,84.99,false,TC-TEE-CREW,
TC102863,2026-07-26,60.92,false,TC-TEE-CREW,google
TC102864,2026-07-27,62.46,true,TC-TEE-CREW,instagram
TC102865,2026-07-27,68.74,true,TC-TEE-CREW,meta
TC102866,2026-07-27,61.11,true,TC-TEE-CREW,facebook
TC102867,2026-07-27,62.07,true,TC-TEE-CREW,
TC102868,2026-07-27,67.87,true,TC-TEE-CREW,facebook
TC102869,2026-07-27,78.38,true,TC-TEE-CREW,
TC102870,2026-07-27,67.95,true,TC-TEE-CREW,facebook
TC102871,2026-07-27,72.80,true,TC-TEE-CREW,
TC102872,2026-07-27,59.43,true,TC-TEE-CREW,
TC102873,2026-07-27,65.02,true,TC-TEE-CREW,
TC102874,2026-07-27,80.98,true,TC-TEE-CREW,instagram
TC102875,2026-07-27,70.57,true,TC-TEE-CREW,instagram
TC102876,2026-07-27,78.85,true,TC-TEE-CREW,
TC102877,2026-07-27,59.09,true,TC-TEE-CREW,instagram
TC102878,2026-07-27,74.12,true,TC-TEE-CREW,
TC102879,2026-07-27,68.94,true,TC-TEE-CREW,facebook
TC102880,2026-07-27,68.29,true,TC-TEE-CREW,
TC102881,2026-07-27,86.27,true,TC-TEE-CREW,facebook
TC102882,2026-07-27,76.27,true,TC-TEE-CREW,instagram
TC102883,2026-07-27,69.06,true,TC-TEE-CREW,
TC102884,2026-07-27,84.01,true,TC-TEE-CREW,meta
TC102885,2026-07-27,83.71,true,TC-TEE-CREW,
TC102886,2026-07-27,68.47,true,TC-TEE-CREW,facebook
TC102887,2026-07-27,72.43,true,TC-TEE-CREW,facebook
TC102888,2026-07-27,56.62,true,TC-TEE-CREW,facebook
TC102889,2026-07-27,81.18,true,TC-TEE-CREW,meta
TC102890,2026-07-27,74.09,true,TC-TEE-CREW,meta
TC102891,2026-07-27,71.25,true,TC-TEE-CREW,facebook
TC102892,2026-07-27,67.60,true,TC-TEE-CREW,meta
TC102893,2026-07-27,72.40,true,TC-TEE-CREW,meta
TC102894,2026-07-27,82.98,true,TC-TEE-CREW,meta
TC102895,2026-07-27,88.09,true,TC-TEE-CREW,facebook
TC102896,2026-07-27,64.62,true,TC-TEE-CREW,meta
TC102897,2026-07-27,79.47,true,TC-TEE-CREW,facebook
TC102898,2026-07-27,60.80,true,TC-TEE-CREW,
TC102899,2026-07-27,85.44,true,TC-TEE-CREW,
TC102900,2026-07-27,57.27,true,TC-TEE-CREW,facebook
TC102901,2026-07-27,87.01,true,TC-TEE-CREW,
TC102902,2026-07-27,79.71,true,TC-TEE-CREW,facebook
TC102903,2026-07-27,68.22,true,TC-TEE-CREW,instagram
TC102904,2026-07-27,74.85,true,TC-TEE-CREW,meta
TC102905,2026-07-27,61.70,true,TC-TEE-CREW,instagram
TC102906,2026-07-27,67.31,true,TC-TEE-CREW,meta
TC102907,2026-07-27,56.18,true,TC-TEE-CREW,facebook
TC102908,2026-07-27,65.74,false,TC-TEE-CREW,instagram
TC102909,2026-07-27,57.09,false,TC-TEE-CREW,
TC102910,2026-07-27,71.99,false,TC-TEE-CREW,
TC102911,2026-07-27,69.71,false,TC-TEE-CREW,
TC102912,2026-07-27,61.71,false,TC-TEE-CREW,instagram
TC102913,2026-07-27,80.44,false,TC-TEE-CREW,facebook
TC102914,2026-07-27,74.77,false,TC-TEE-CREW,
TC102915,2026-07-27,57.30,false,TC-TEE-CREW,
TC102916,2026-07-27,68.34,false,TC-TEE-CREW,
TC102917,2026-07-27,80.80,false,TC-TEE-CREW,
TC102918,2026-07-27,66.06,false,TC-TEE-CREW,meta
TC102919,2026-07-27,125.09,false,TC-TEE-CREW,
TC102920,2026-07-27,88.30,true,TC-TEE-CREW,meta
TC102921,2026-07-27,73.26,true,TC-TEE-CREW,facebook
TC102922,2026-07-27,64.79,true,TC-TEE-CREW,instagram
TC102923,2026-07-27,87.63,true,TC-TEE-CREW,facebook
TC102924,2026-07-27,64.03,true,TC-TEE-CREW,
TC102925,2026-07-27,84.11,false,TC-TEE-CREW,meta
TC102926,2026-07-27,56.51,false,TC-TEE-CREW,meta
TC102927,2026-07-27,86.47,false,TC-TEE-CREW,instagram
TC102928,2026-07-27,88.94,false,TC-TEE-CREW,
TC102929,2026-07-27,85.19,false,TC-TEE-CREW,
TC102930,2026-07-27,56.31,false,TC-TEE-CREW,instagram
TC102931,2026-07-27,67.07,false,TC-TEE-CREW,facebook
TC102932,2026-07-27,71.29,false,TC-TEE-CREW,instagram
TC102933,2026-07-27,80.35,false,TC-TEE-CREW,facebook
TC102934,2026-07-27,82.64,false,TC-TEE-CREW,facebook
TC102935,2026-07-27,77.39,false,TC-TEE-CREW,meta
TC102936,2026-07-27,88.69,false,TC-TEE-CREW,meta
TC102937,2026-07-27,65.62,false,TC-TEE-CREW,facebook
TC102938,2026-07-27,74.07,false,TC-TEE-CREW,facebook
TC102939,2026-07-27,88.72,false,TC-TEE-CREW,meta
TC102940,2026-07-27,62.64,false,TC-TEE-CREW,facebook
TC102941,2026-07-27,55.43,false,TC-TEE-CREW,instagram
TC102942,2026-07-27,74.75,false,TC-TEE-CREW,
TC102943,2026-07-27,74.67,false,TC-TEE-CREW,facebook
TC102944,2026-07-27,88.31,false,TC-TEE-CREW,
TC102945,2026-07-27,67.59,false,TC-TEE-CREW,instagram
TC102946,2026-07-27,25.18,false,TC-TEE-CREW,
TC102947,2026-07-27,82.27,true,TC-TEE-CREW,
TC102948,2026-07-27,83.94,true,TC-TEE-CREW,facebook
TC102949,2026-07-27,88.05,true,TC-TEE-CREW,instagram
TC102950,2026-07-27,64.51,true,TC-TEE-CREW,facebook
TC102951,2026-07-27,83.23,true,TC-TEE-CREW,facebook
TC102952,2026-07-27,58.99,true,TC-TEE-CREW,meta
TC102953,2026-07-27,89.23,true,TC-TEE-CREW,
TC102954,2026-07-27,74.18,true,TC-TEE-CREW,facebook
TC102955,2026-07-27,91.88,true,TC-TEE-CREW,meta
TC102956,2026-07-27,59.13,true,TC-TEE-CREW,
TC102957,2026-07-27,79.40,true,TC-TEE-CREW,facebook
TC102958,2026-07-27,31.65,false,TC-TEE-CREW,
TC102959,2026-07-27,80.65,true,TC-UND-BOXER,
TC102960,2026-07-27,84.29,true,TC-UND-BOXER,instagram
TC102961,2026-07-27,81.33,true,TC-UND-BOXER,facebook
TC102962,2026-07-27,60.33,true,TC-UND-BOXER,instagram
TC102963,2026-07-27,62.45,true,TC-UND-BOXER,facebook
TC102964,2026-07-27,64.92,true,TC-UND-BOXER,facebook
TC102965,2026-07-27,62.46,false,TC-UND-BOXER,instagram
TC102966,2026-07-27,67.47,false,TC-UND-BOXER,meta
TC102967,2026-07-27,88.16,true,TC-MIXED,facebook
TC102968,2026-07-27,84.67,false,TC-MIXED,facebook
TC102969,2026-07-27,81.46,false,TC-MIXED,
TC102970,2026-07-27,60.41,false,TC-MIXED,facebook
TC102971,2026-07-27,82.95,false,TC-MIXED,
TC102972,2026-07-27,80.72,false,TC-MIXED,meta
TC102973,2026-07-27,54.22,false,TC-MIXED,
TC102974,2026-07-27,69.14,false,TC-MIXED,
TC102975,2026-07-27,59.20,false,TC-MIXED,facebook
TC102976,2026-07-27,77.82,false,TC-MIXED,instagram
TC102977,2026-07-27,58.30,false,TC-MIXED,
TC102978,2026-07-27,60.71,false,TC-MIXED,meta
TC102979,2026-07-27,70.97,false,TC-MIXED,facebook
TC102980,2026-07-27,70.36,true,TC-TEE-CREW,
TC102981,2026-07-27,65.13,true,TC-TEE-CREW,google_ads
TC102982,2026-07-27,65.06,true,TC-TEE-CREW,cpc
TC102983,2026-07-27,54.68,true,TC-TEE-CREW,google
TC102984,2026-07-27,78.37,true,TC-TEE-CREW,google
TC102985,2026-07-27,76.70,true,TC-TEE-CREW,cpc
TC102986,2026-07-27,81.98,true,TC-TEE-CREW,google_ads
TC102987,2026-07-27,86.45,true,TC-TEE-CREW,google_ads
TC102988,2026-07-27,61.26,true,TC-TEE-CREW,google
TC102989,2026-07-27,87.97,true,TC-TEE-CREW,
TC102990,2026-07-27,69.18,true,TC-TEE-CREW,cpc
TC102991,2026-07-27,75.54,true,TC-TEE-CREW,google_ads
TC102992,2026-07-27,69.70,true,TC-TEE-CREW,google_ads
TC102993,2026-07-27,60.83,true,TC-TEE-CREW,
TC102994,2026-07-27,68.58,true,TC-TEE-CREW,google_ads
TC102995,2026-07-27,63.16,true,TC-TEE-CREW,
TC102996,2026-07-27,76.29,true,TC-TEE-CREW,google_ads
TC102997,2026-07-27,66.20,true,TC-TEE-CREW,google_ads
TC102998,2026-07-27,77.41,true,TC-TEE-CREW,google_ads
TC102999,2026-07-27,70.52,true,TC-TEE-CREW,google
TC103000,2026-07-27,54.68,true,TC-TEE-CREW,cpc
TC103001,2026-07-27,65.30,true,TC-TEE-CREW,google
TC103002,2026-07-27,62.13,true,TC-TEE-CREW,google_ads
TC103003,2026-07-27,84.64,true,TC-TEE-CREW,cpc
TC103004,2026-07-27,72.10,true,TC-TEE-CREW,
TC103005,2026-07-27,64.01,true,TC-TEE-CREW,google_ads
TC103006,2026-07-27,57.71,true,TC-TEE-CREW,
TC103007,2026-07-27,57.64,true,TC-TEE-CREW,google_ads
TC103008,2026-07-27,71.81,true,TC-TEE-CREW,
TC103009,2026-07-27,65.03,true,TC-TEE-CREW,cpc
TC103010,2026-07-27,64.69,true,TC-TEE-CREW,google
TC103011,2026-07-27,63.37,true,TC-TEE-CREW,cpc
TC103012,2026-07-27,64.54,true,TC-TEE-CREW,google
TC103013,2026-07-27,69.36,true,TC-TEE-CREW,
TC103014,2026-07-27,67.57,true,TC-TEE-CREW,
TC103015,2026-07-27,71.97,true,TC-TEE-CREW,
TC103016,2026-07-27,81.72,true,TC-TEE-CREW,cpc
TC103017,2026-07-27,55.41,false,TC-TEE-CREW,google_ads
TC103018,2026-07-27,66.70,false,TC-TEE-CREW,cpc
TC103019,2026-07-27,61.52,false,TC-TEE-CREW,cpc
TC103020,2026-07-27,70.26,false,TC-TEE-CREW,google_ads
TC103021,2026-07-27,79.41,false,TC-TEE-CREW,google_ads
TC103022,2026-07-27,87.70,false,TC-TEE-CREW,google_ads
TC103023,2026-07-27,71.27,false,TC-TEE-CREW,google_ads
TC103024,2026-07-27,88.51,false,TC-TEE-CREW,google_ads
TC103025,2026-07-27,65.73,false,TC-TEE-CREW,
TC103026,2026-07-27,60.52,false,TC-TEE-CREW,google_ads
TC103027,2026-07-27,88.61,false,TC-TEE-CREW,
TC103028,2026-07-27,84.18,false,TC-TEE-CREW,cpc
TC103029,2026-07-27,78.07,false,TC-TEE-CREW,google
TC103030,2026-07-27,71.52,false,TC-TEE-CREW,google
TC103031,2026-07-27,57.31,false,TC-TEE-CREW,google_ads
TC103032,2026-07-27,81.30,false,TC-TEE-CREW,cpc
TC103033,2026-07-27,64.82,false,TC-TEE-CREW,google
TC103034,2026-07-27,89.82,false,TC-TEE-CREW,
TC103035,2026-07-27,79.12,false,TC-TEE-CREW,cpc
TC103036,2026-07-27,57.04,false,TC-TEE-CREW,google_ads
TC103037,2026-07-27,85.38,false,TC-TEE-CREW,google_ads
TC103038,2026-07-27,66.47,false,TC-TEE-CREW,google_ads
TC103039,2026-07-27,89.41,false,TC-TEE-CREW,google
TC103040,2026-07-27,83.72,false,TC-TEE-CREW,google_ads
TC103041,2026-07-27,82.41,false,TC-TEE-CREW,google
TC103042,2026-07-27,83.32,false,TC-TEE-CREW,cpc
TC103043,2026-07-27,85.72,false,TC-TEE-CREW,cpc
TC103044,2026-07-27,88.72,false,TC-TEE-CREW,google_ads
TC103045,2026-07-27,63.20,false,TC-TEE-CREW,cpc
TC103046,2026-07-27,83.68,false,TC-TEE-CREW,google_ads
TC103047,2026-07-27,82.12,false,TC-TEE-CREW,google
TC103048,2026-07-27,45.57,false,TC-TEE-CREW,google
TC103049,2026-07-27,72.74,true,TC-TEE-CREW,cpc
TC103050,2026-07-27,57.77,true,TC-TEE-CREW,
TC103051,2026-07-27,57.40,true,TC-TEE-CREW,cpc
TC103052,2026-07-27,63.09,true,TC-TEE-CREW,
TC103053,2026-07-27,76.05,true,TC-TEE-CREW,cpc
TC103054,2026-07-27,81.90,true,TC-TEE-CREW,cpc
TC103055,2026-07-27,55.71,true,TC-TEE-CREW,google_ads
TC103056,2026-07-27,58.44,true,TC-TEE-CREW,google_ads
TC103057,2026-07-27,76.17,true,TC-TEE-CREW,google_ads
TC103058,2026-07-27,73.13,true,TC-TEE-CREW,
TC103059,2026-07-27,66.11,true,TC-TEE-CREW,google
TC103060,2026-07-27,78.88,true,TC-TEE-CREW,cpc
TC103061,2026-07-27,55.51,true,TC-TEE-CREW,google_ads
TC103062,2026-07-27,87.04,true,TC-TEE-CREW,google
TC103063,2026-07-27,80.49,true,TC-TEE-CREW,cpc
TC103064,2026-07-27,70.61,true,TC-TEE-CREW,google_ads
TC103065,2026-07-27,82.32,true,TC-TEE-CREW,
TC103066,2026-07-27,62.01,true,TC-TEE-CREW,google_ads
TC103067,2026-07-27,88.53,true,TC-TEE-CREW,
TC103068,2026-07-27,74.20,true,TC-TEE-CREW,google_ads
TC103069,2026-07-27,79.18,true,TC-TEE-CREW,google_ads
TC103070,2026-07-27,69.64,false,TC-TEE-CREW,
TC103071,2026-07-27,78.60,false,TC-TEE-CREW,google_ads
TC103072,2026-07-27,75.42,false,TC-TEE-CREW,google_ads
TC103073,2026-07-27,56.49,false,TC-TEE-CREW,cpc
TC103074,2026-07-27,100.46,false,TC-TEE-CREW,google
TC103075,2026-07-27,75.53,true,TC-SHIRT-OXFORD,google_ads
TC103076,2026-07-27,69.92,true,TC-SHIRT-OXFORD,google_ads
TC103077,2026-07-27,72.67,true,TC-SHIRT-OXFORD,
TC103078,2026-07-27,79.28,true,TC-SHIRT-OXFORD,cpc
TC103079,2026-07-27,82.56,true,TC-SHIRT-OXFORD,google_ads
TC103080,2026-07-27,76.15,true,TC-SHIRT-OXFORD,cpc
TC103081,2026-07-27,74.00,false,TC-SHIRT-OXFORD,google_ads
TC103082,2026-07-27,78.21,false,TC-SHIRT-OXFORD,cpc
TC103083,2026-07-27,55.77,false,TC-SHIRT-OXFORD,google
TC103084,2026-07-27,58.71,false,TC-SHIRT-OXFORD,google_ads
TC103085,2026-07-27,75.89,false,TC-SHIRT-OXFORD,cpc
TC103086,2026-07-27,77.26,false,TC-SHIRT-OXFORD,
TC103087,2026-07-27,87.17,false,TC-SHIRT-OXFORD,
TC103088,2026-07-27,48.69,false,TC-SHIRT-OXFORD,cpc
TC103089,2026-07-27,67.55,true,TC-TEE-CREW,
TC103090,2026-07-27,72.69,true,TC-TEE-CREW,cpc
TC103091,2026-07-27,89.21,true,TC-TEE-CREW,google_ads
TC103092,2026-07-27,64.27,true,TC-TEE-CREW,google
TC103093,2026-07-27,65.46,true,TC-TEE-CREW,google
TC103094,2026-07-27,68.33,true,TC-TEE-CREW,google_ads
TC103095,2026-07-27,87.26,true,TC-TEE-CREW,google_ads
TC103096,2026-07-27,62.49,true,TC-TEE-CREW,
TC103097,2026-07-27,54.51,true,TC-TEE-CREW,cpc
TC103098,2026-07-27,82.90,true,TC-TEE-CREW,
TC103099,2026-07-27,57.65,true,TC-TEE-CREW,
TC103100,2026-07-27,71.76,true,TC-TEE-CREW,google_ads
TC103101,2026-07-27,66.14,true,TC-TEE-CREW,google
TC103102,2026-07-27,74.39,true,TC-TEE-CREW,google
TC103103,2026-07-27,75.38,true,TC-TEE-CREW,cpc
TC103104,2026-07-27,69.91,true,TC-TEE-CREW,google
TC103105,2026-07-27,58.61,true,TC-TEE-CREW,google_ads
TC103106,2026-07-27,59.75,true,TC-TEE-CREW,google
TC103107,2026-07-27,89.14,true,TC-TEE-CREW,cpc
TC103108,2026-07-27,55.73,true,TC-TEE-CREW,
TC103109,2026-07-27,86.60,true,TC-TEE-CREW,google_ads
TC103110,2026-07-27,55.60,true,TC-TEE-CREW,google
TC103111,2026-07-27,88.68,true,TC-TEE-CREW,
TC103112,2026-07-27,76.74,true,TC-TEE-CREW,google
TC103113,2026-07-27,73.23,true,TC-TEE-CREW,google
TC103114,2026-07-27,85.86,true,TC-TEE-CREW,cpc
TC103115,2026-07-27,89.07,true,TC-TEE-CREW,google_ads
TC103116,2026-07-27,73.79,true,TC-TEE-CREW,google
TC103117,2026-07-27,77.99,true,TC-TEE-CREW,
TC103118,2026-07-27,77.78,false,TC-TEE-CREW,
TC103119,2026-07-27,74.68,false,TC-TEE-CREW,
TC103120,2026-07-27,78.58,false,TC-TEE-CREW,cpc
TC103121,2026-07-27,59.82,false,TC-TEE-CREW,google
TC103122,2026-07-27,75.10,false,TC-TEE-CREW,google_ads
TC103123,2026-07-27,81.72,false,TC-TEE-CREW,
TC103124,2026-07-27,25.30,false,TC-TEE-CREW,
TC103125,2026-07-28,74.96,true,TC-TEE-CREW,instagram
TC103126,2026-07-28,58.73,true,TC-TEE-CREW,facebook
TC103127,2026-07-28,74.44,true,TC-TEE-CREW,facebook
TC103128,2026-07-28,73.82,true,TC-TEE-CREW,facebook
TC103129,2026-07-28,66.52,true,TC-TEE-CREW,
TC103130,2026-07-28,59.40,true,TC-TEE-CREW,facebook
TC103131,2026-07-28,77.85,true,TC-TEE-CREW,instagram
TC103132,2026-07-28,84.23,true,TC-TEE-CREW,
TC103133,2026-07-28,84.39,true,TC-TEE-CREW,instagram
TC103134,2026-07-28,73.72,true,TC-TEE-CREW,facebook
TC103135,2026-07-28,60.92,true,TC-TEE-CREW,
TC103136,2026-07-28,84.89,true,TC-TEE-CREW,facebook
TC103137,2026-07-28,67.83,true,TC-TEE-CREW,meta
TC103138,2026-07-28,75.80,true,TC-TEE-CREW,
TC103139,2026-07-28,55.84,true,TC-TEE-CREW,instagram
TC103140,2026-07-28,59.97,true,TC-TEE-CREW,
TC103141,2026-07-28,55.04,true,TC-TEE-CREW,instagram
TC103142,2026-07-28,84.58,true,TC-TEE-CREW,
TC103143,2026-07-28,70.77,true,TC-TEE-CREW,instagram
TC103144,2026-07-28,62.76,true,TC-TEE-CREW,instagram
TC103145,2026-07-28,65.94,true,TC-TEE-CREW,meta
TC103146,2026-07-28,81.42,true,TC-TEE-CREW,
TC103147,2026-07-28,68.94,true,TC-TEE-CREW,facebook
TC103148,2026-07-28,68.26,true,TC-TEE-CREW,instagram
TC103149,2026-07-28,70.15,true,TC-TEE-CREW,facebook
TC103150,2026-07-28,84.37,true,TC-TEE-CREW,
TC103151,2026-07-28,68.72,true,TC-TEE-CREW,meta
TC103152,2026-07-28,54.28,true,TC-TEE-CREW,instagram
TC103153,2026-07-28,75.85,true,TC-TEE-CREW,facebook
TC103154,2026-07-28,56.81,true,TC-TEE-CREW,meta
TC103155,2026-07-28,78.02,true,TC-TEE-CREW,
TC103156,2026-07-28,60.03,true,TC-TEE-CREW,facebook
TC103157,2026-07-28,88.82,true,TC-TEE-CREW,meta
TC103158,2026-07-28,80.33,true,TC-TEE-CREW,meta
TC103159,2026-07-28,77.88,true,TC-TEE-CREW,facebook
TC103160,2026-07-28,79.09,true,TC-TEE-CREW,meta
TC103161,2026-07-28,84.79,true,TC-TEE-CREW,meta
TC103162,2026-07-28,75.15,true,TC-TEE-CREW,facebook
TC103163,2026-07-28,55.39,true,TC-TEE-CREW,meta
TC103164,2026-07-28,73.23,true,TC-TEE-CREW,instagram
TC103165,2026-07-28,67.03,true,TC-TEE-CREW,meta
TC103166,2026-07-28,71.56,true,TC-TEE-CREW,facebook
TC103167,2026-07-28,85.80,false,TC-TEE-CREW,instagram
TC103168,2026-07-28,71.38,false,TC-TEE-CREW,
TC103169,2026-07-28,65.62,false,TC-TEE-CREW,facebook
TC103170,2026-07-28,64.78,false,TC-TEE-CREW,
TC103171,2026-07-28,69.86,false,TC-TEE-CREW,
TC103172,2026-07-28,67.04,false,TC-TEE-CREW,
TC103173,2026-07-28,78.54,false,TC-TEE-CREW,instagram
TC103174,2026-07-28,62.37,false,TC-TEE-CREW,
TC103175,2026-07-28,57.80,false,TC-TEE-CREW,
TC103176,2026-07-28,72.46,false,TC-TEE-CREW,facebook
TC103177,2026-07-28,61.99,false,TC-TEE-CREW,
TC103178,2026-07-28,73.52,false,TC-TEE-CREW,facebook
TC103179,2026-07-28,118.01,false,TC-TEE-CREW,
TC103180,2026-07-28,69.92,true,TC-TEE-CREW,meta
TC103181,2026-07-28,69.40,true,TC-TEE-CREW,meta
TC103182,2026-07-28,76.18,true,TC-TEE-CREW,meta
TC103183,2026-07-28,78.54,true,TC-TEE-CREW,facebook
TC103184,2026-07-28,55.06,true,TC-TEE-CREW,instagram
TC103185,2026-07-28,79.33,true,TC-TEE-CREW,facebook
TC103186,2026-07-28,54.82,true,TC-TEE-CREW,instagram
TC103187,2026-07-28,57.48,false,TC-TEE-CREW,
TC103188,2026-07-28,88.14,false,TC-TEE-CREW,facebook
TC103189,2026-07-28,79.66,false,TC-TEE-CREW,facebook
TC103190,2026-07-28,80.63,false,TC-TEE-CREW,facebook
TC103191,2026-07-28,72.26,false,TC-TEE-CREW,
TC103192,2026-07-28,88.14,false,TC-TEE-CREW,facebook
TC103193,2026-07-28,82.46,false,TC-TEE-CREW,instagram
TC103194,2026-07-28,87.34,false,TC-TEE-CREW,
TC103195,2026-07-28,64.67,false,TC-TEE-CREW,instagram
TC103196,2026-07-28,68.90,false,TC-TEE-CREW,facebook
TC103197,2026-07-28,56.97,false,TC-TEE-CREW,
TC103198,2026-07-28,62.36,false,TC-TEE-CREW,meta
TC103199,2026-07-28,78.98,false,TC-TEE-CREW,meta
TC103200,2026-07-28,64.59,false,TC-TEE-CREW,instagram
TC103201,2026-07-28,74.84,false,TC-TEE-CREW,facebook
TC103202,2026-07-28,78.12,false,TC-TEE-CREW,meta
TC103203,2026-07-28,62.32,false,TC-TEE-CREW,facebook
TC103204,2026-07-28,86.72,false,TC-TEE-CREW,meta
TC103205,2026-07-28,54.17,false,TC-TEE-CREW,instagram
TC103206,2026-07-28,75.77,false,TC-TEE-CREW,instagram
TC103207,2026-07-28,75.15,true,TC-TEE-CREW,facebook
TC103208,2026-07-28,85.81,true,TC-TEE-CREW,meta
TC103209,2026-07-28,81.65,true,TC-TEE-CREW,meta
TC103210,2026-07-28,74.49,true,TC-TEE-CREW,facebook
TC103211,2026-07-28,61.16,true,TC-TEE-CREW,instagram
TC103212,2026-07-28,87.47,true,TC-TEE-CREW,instagram
TC103213,2026-07-28,87.30,true,TC-TEE-CREW,
TC103214,2026-07-28,74.82,true,TC-TEE-CREW,facebook
TC103215,2026-07-28,70.70,true,TC-TEE-CREW,
TC103216,2026-07-28,60.36,false,TC-TEE-CREW,instagram
TC103217,2026-07-28,13.43,false,TC-TEE-CREW,instagram
TC103218,2026-07-28,84.31,true,TC-UND-BOXER,instagram
TC103219,2026-07-28,83.00,true,TC-UND-BOXER,facebook
TC103220,2026-07-28,84.13,true,TC-UND-BOXER,facebook
TC103221,2026-07-28,89.23,true,TC-UND-BOXER,
TC103222,2026-07-28,79.18,true,TC-UND-BOXER,facebook
TC103223,2026-07-28,82.28,true,TC-UND-BOXER,facebook
TC103224,2026-07-28,25.19,false,TC-UND-BOXER,meta
TC103225,2026-07-28,76.18,true,TC-MIXED,
TC103226,2026-07-28,52.43,false,TC-MIXED,facebook
TC103227,2026-07-28,70.93,false,TC-MIXED,instagram
TC103228,2026-07-28,77.65,false,TC-UNKNOWN-CLEARANCE,facebook
TC103229,2026-07-28,66.73,false,TC-MIXED,instagram
TC103230,2026-07-28,67.62,false,TC-MIXED,meta
TC103231,2026-07-28,76.58,false,TC-MIXED,meta
TC103232,2026-07-28,69.74,false,TC-MIXED,meta
TC103233,2026-07-28,58.88,false,TC-MIXED,facebook
TC103234,2026-07-28,67.65,false,TC-MIXED,instagram
TC103235,2026-07-28,73.11,false,TC-MIXED,facebook
TC103236,2026-07-28,68.25,false,TC-MIXED,
TC103237,2026-07-28,78.67,false,TC-UNKNOWN-CLEARANCE,meta
TC103238,2026-07-28,71.67,false,TC-MIXED,facebook
TC103239,2026-07-28,78.42,true,TC-TEE-CREW,cpc
TC103240,2026-07-28,64.16,true,TC-TEE-CREW,
TC103241,2026-07-28,54.91,true,TC-TEE-CREW,google_ads
TC103242,2026-07-28,89.10,true,TC-TEE-CREW,google_ads
TC103243,2026-07-28,83.48,true,TC-TEE-CREW,
TC103244,2026-07-28,59.70,true,TC-TEE-CREW,
TC103245,2026-07-28,59.23,true,TC-TEE-CREW,
TC103246,2026-07-28,88.25,true,TC-TEE-CREW,google_ads
TC103247,2026-07-28,62.46,true,TC-TEE-CREW,google
TC103248,2026-07-28,69.18,true,TC-TEE-CREW,
TC103249,2026-07-28,88.53,true,TC-TEE-CREW,google
TC103250,2026-07-28,86.74,true,TC-TEE-CREW,google_ads
TC103251,2026-07-28,82.52,true,TC-TEE-CREW,
TC103252,2026-07-28,78.68,true,TC-TEE-CREW,cpc
TC103253,2026-07-28,88.31,true,TC-TEE-CREW,google_ads
TC103254,2026-07-28,71.35,true,TC-TEE-CREW,cpc
TC103255,2026-07-28,86.96,true,TC-TEE-CREW,
TC103256,2026-07-28,83.29,true,TC-TEE-CREW,
TC103257,2026-07-28,55.46,true,TC-TEE-CREW,
TC103258,2026-07-28,75.03,true,TC-TEE-CREW,google
TC103259,2026-07-28,73.26,true,TC-TEE-CREW,google_ads
TC103260,2026-07-28,88.11,true,TC-TEE-CREW,cpc
TC103261,2026-07-28,69.71,true,TC-TEE-CREW,cpc
TC103262,2026-07-28,85.40,true,TC-TEE-CREW,google_ads
TC103263,2026-07-28,86.09,true,TC-TEE-CREW,google_ads
TC103264,2026-07-28,68.61,true,TC-TEE-CREW,google
TC103265,2026-07-28,67.98,true,TC-TEE-CREW,google
TC103266,2026-07-28,57.06,true,TC-TEE-CREW,google_ads
TC103267,2026-07-28,61.70,true,TC-TEE-CREW,cpc
TC103268,2026-07-28,70.90,false,TC-TEE-CREW,google_ads
TC103269,2026-07-28,83.26,false,TC-TEE-CREW,
TC103270,2026-07-28,63.57,false,TC-TEE-CREW,google
TC103271,2026-07-28,64.41,false,TC-TEE-CREW,google_ads
TC103272,2026-07-28,54.81,false,TC-TEE-CREW,google
TC103273,2026-07-28,82.14,false,TC-TEE-CREW,
TC103274,2026-07-28,84.32,false,TC-TEE-CREW,google
TC103275,2026-07-28,85.90,false,TC-TEE-CREW,
TC103276,2026-07-28,57.26,false,TC-TEE-CREW,cpc
TC103277,2026-07-28,86.40,false,TC-TEE-CREW,
TC103278,2026-07-28,75.36,false,TC-TEE-CREW,google_ads
TC103279,2026-07-28,56.28,false,TC-TEE-CREW,google
TC103280,2026-07-28,62.46,false,TC-TEE-CREW,
TC103281,2026-07-28,73.68,false,TC-TEE-CREW,cpc
TC103282,2026-07-28,71.85,false,TC-TEE-CREW,cpc
TC103283,2026-07-28,67.19,false,TC-TEE-CREW,google_ads
TC103284,2026-07-28,84.07,false,TC-TEE-CREW,
TC103285,2026-07-28,90.06,false,TC-TEE-CREW,google
TC103286,2026-07-28,69.56,false,TC-TEE-CREW,cpc
TC103287,2026-07-28,85.29,false,TC-TEE-CREW,cpc
TC103288,2026-07-28,62.47,false,TC-TEE-CREW,
TC103289,2026-07-28,69.54,false,TC-TEE-CREW,
TC103290,2026-07-28,82.25,false,TC-TEE-CREW,google
TC103291,2026-07-28,58.14,false,TC-TEE-CREW,google_ads
TC103292,2026-07-28,82.19,false,TC-TEE-CREW,cpc
TC103293,2026-07-28,81.96,false,TC-TEE-CREW,google
TC103294,2026-07-28,86.23,false,TC-TEE-CREW,google
TC103295,2026-07-28,87.59,false,TC-TEE-CREW,google_ads
TC103296,2026-07-28,79.80,false,TC-TEE-CREW,cpc
TC103297,2026-07-28,71.25,false,TC-TEE-CREW,
TC103298,2026-07-28,68.74,false,TC-TEE-CREW,google
TC103299,2026-07-28,57.70,false,TC-TEE-CREW,cpc
TC103300,2026-07-28,88.38,false,TC-TEE-CREW,cpc
TC103301,2026-07-28,58.24,false,TC-TEE-CREW,cpc
TC103302,2026-07-28,71.76,false,TC-TEE-CREW,cpc
TC103303,2026-07-28,85.74,false,TC-TEE-CREW,cpc
TC103304,2026-07-28,8.57,false,TC-TEE-CREW,
TC103305,2026-07-28,0.95,false,TC-TEE-CREW,
TC103306,2026-07-28,76.95,true,TC-TEE-CREW,
TC103307,2026-07-28,58.79,true,TC-TEE-CREW,cpc
TC103308,2026-07-28,82.99,true,TC-TEE-CREW,google
TC103309,2026-07-28,72.95,true,TC-TEE-CREW,google
TC103310,2026-07-28,72.36,true,TC-TEE-CREW,google
TC103311,2026-07-28,83.58,true,TC-TEE-CREW,
TC103312,2026-07-28,68.27,true,TC-TEE-CREW,cpc
TC103313,2026-07-28,75.25,true,TC-TEE-CREW,
TC103314,2026-07-28,60.65,true,TC-TEE-CREW,cpc
TC103315,2026-07-28,69.40,true,TC-TEE-CREW,google_ads
TC103316,2026-07-28,80.38,true,TC-TEE-CREW,
TC103317,2026-07-28,85.15,true,TC-TEE-CREW,google_ads
TC103318,2026-07-28,78.52,true,TC-TEE-CREW,google_ads
TC103319,2026-07-28,55.67,true,TC-TEE-CREW,
TC103320,2026-07-28,67.68,true,TC-TEE-CREW,
TC103321,2026-07-28,77.49,true,TC-TEE-CREW,
TC103322,2026-07-28,75.10,true,TC-TEE-CREW,google
TC103323,2026-07-28,70.39,true,TC-TEE-CREW,google_ads
TC103324,2026-07-28,79.74,true,TC-TEE-CREW,google_ads
TC103325,2026-07-28,79.34,false,TC-TEE-CREW,google_ads
TC103326,2026-07-28,88.14,false,TC-TEE-CREW,cpc
TC103327,2026-07-28,82.78,false,TC-TEE-CREW,cpc
TC103328,2026-07-28,58.61,false,TC-TEE-CREW,cpc
TC103329,2026-07-28,71.53,false,TC-TEE-CREW,google_ads
TC103330,2026-07-28,7.95,false,TC-TEE-CREW,cpc
TC103331,2026-07-28,59.13,true,TC-SHIRT-OXFORD,cpc
TC103332,2026-07-28,82.77,true,TC-SHIRT-OXFORD,google_ads
TC103333,2026-07-28,87.98,true,TC-SHIRT-OXFORD,cpc
TC103334,2026-07-28,57.91,true,TC-SHIRT-OXFORD,google
TC103335,2026-07-28,77.51,true,TC-SHIRT-OXFORD,google
TC103336,2026-07-28,80.15,true,TC-SHIRT-OXFORD,
TC103337,2026-07-28,75.38,true,TC-SHIRT-OXFORD,google
TC103338,2026-07-28,70.74,false,TC-SHIRT-OXFORD,google
TC103339,2026-07-28,57.08,false,TC-SHIRT-OXFORD,cpc
TC103340,2026-07-28,82.02,false,TC-SHIRT-OXFORD,cpc
TC103341,2026-07-28,72.60,false,TC-SHIRT-OXFORD,cpc
TC103342,2026-07-28,56.13,false,TC-SHIRT-OXFORD,google
TC103343,2026-07-28,56.31,false,TC-SHIRT-OXFORD,google_ads
TC103344,2026-07-28,73.63,false,TC-SHIRT-OXFORD,cpc
TC103345,2026-07-28,67.20,true,TC-TEE-CREW,cpc
TC103346,2026-07-28,76.29,true,TC-TEE-CREW,google
TC103347,2026-07-28,72.48,true,TC-TEE-CREW,
TC103348,2026-07-28,75.89,true,TC-TEE-CREW,cpc
TC103349,2026-07-28,83.44,true,TC-TEE-CREW,google
TC103350,2026-07-28,69.89,true,TC-TEE-CREW,
TC103351,2026-07-28,70.17,true,TC-TEE-CREW,google
TC103352,2026-07-28,73.94,true,TC-TEE-CREW,google
TC103353,2026-07-28,55.57,true,TC-TEE-CREW,google_ads
TC103354,2026-07-28,55.50,true,TC-TEE-CREW,google
TC103355,2026-07-28,70.82,true,TC-TEE-CREW,cpc
TC103356,2026-07-28,89.58,true,TC-TEE-CREW,google_ads
TC103357,2026-07-28,76.54,true,TC-TEE-CREW,cpc
TC103358,2026-07-28,61.97,true,TC-TEE-CREW,google_ads
TC103359,2026-07-28,79.84,true,TC-TEE-CREW,
TC103360,2026-07-28,85.27,true,TC-TEE-CREW,cpc
TC103361,2026-07-28,78.56,true,TC-TEE-CREW,google
TC103362,2026-07-28,87.90,true,TC-TEE-CREW,google
TC103363,2026-07-28,63.01,true,TC-TEE-CREW,
TC103364,2026-07-28,68.30,true,TC-TEE-CREW,cpc
TC103365,2026-07-28,69.56,true,TC-TEE-CREW,google_ads
TC103366,2026-07-28,55.47,true,TC-TEE-CREW,google
TC103367,2026-07-28,80.73,true,TC-TEE-CREW,google_ads
TC103368,2026-07-28,69.67,true,TC-TEE-CREW,google_ads
TC103369,2026-07-28,56.46,true,TC-TEE-CREW,google_ads
TC103370,2026-07-28,68.58,true,TC-TEE-CREW,google
TC103371,2026-07-28,72.92,true,TC-TEE-CREW,
TC103372,2026-07-28,63.94,false,TC-TEE-CREW,google_ads
TC103373,2026-07-28,54.67,false,TC-TEE-CREW,
TC103374,2026-07-28,67.03,false,TC-TEE-CREW,google
TC103375,2026-07-28,56.84,false,TC-TEE-CREW,google
TC103376,2026-07-28,84.25,false,TC-TEE-CREW,google
TC103377,2026-07-28,74.89,false,TC-TEE-CREW,
TC103378,2026-07-28,75.56,false,TC-TEE-CREW,cpc
TC103379,2026-07-28,84.39,false,TC-TEE-CREW,
TC103380,2026-07-28,60.51,false,TC-TEE-CREW,
TC103381,2026-07-28,129.64,false,TC-TEE-CREW,
TC103382,2026-07-29,80.77,true,TC-TEE-CREW,instagram
TC103383,2026-07-29,54.17,true,TC-TEE-CREW,instagram
TC103384,2026-07-29,53.86,true,TC-TEE-CREW,instagram
TC103385,2026-07-29,85.82,true,TC-TEE-CREW,instagram
TC103386,2026-07-29,77.03,true,TC-TEE-CREW,facebook
TC103387,2026-07-29,72.48,true,TC-TEE-CREW,facebook
TC103388,2026-07-29,87.57,true,TC-TEE-CREW,facebook
TC103389,2026-07-29,64.59,true,TC-TEE-CREW,meta
TC103390,2026-07-29,56.00,true,TC-TEE-CREW,instagram
TC103391,2026-07-29,84.09,true,TC-TEE-CREW,meta
TC103392,2026-07-29,73.93,true,TC-TEE-CREW,
TC103393,2026-07-29,57.64,true,TC-TEE-CREW,instagram
TC103394,2026-07-29,71.66,true,TC-TEE-CREW,facebook
TC103395,2026-07-29,72.09,true,TC-TEE-CREW,meta
TC103396,2026-07-29,79.76,true,TC-TEE-CREW,facebook
TC103397,2026-07-29,63.06,true,TC-TEE-CREW,meta
TC103398,2026-07-29,64.30,true,TC-TEE-CREW,
TC103399,2026-07-29,74.77,true,TC-TEE-CREW,facebook
TC103400,2026-07-29,70.47,true,TC-TEE-CREW,instagram
TC103401,2026-07-29,58.36,true,TC-TEE-CREW,meta
TC103402,2026-07-29,63.35,true,TC-TEE-CREW,instagram
TC103403,2026-07-29,59.86,true,TC-TEE-CREW,
TC103404,2026-07-29,56.80,true,TC-TEE-CREW,instagram
TC103405,2026-07-29,87.83,true,TC-TEE-CREW,meta
TC103406,2026-07-29,62.80,true,TC-TEE-CREW,
TC103407,2026-07-29,81.42,true,TC-TEE-CREW,meta
TC103408,2026-07-29,57.68,true,TC-TEE-CREW,meta
TC103409,2026-07-29,58.26,true,TC-TEE-CREW,facebook
TC103410,2026-07-29,71.47,true,TC-TEE-CREW,
TC103411,2026-07-29,73.33,true,TC-TEE-CREW,
TC103412,2026-07-29,58.62,true,TC-TEE-CREW,
TC103413,2026-07-29,68.50,true,TC-TEE-CREW,
TC103414,2026-07-29,87.10,true,TC-TEE-CREW,facebook
TC103415,2026-07-29,68.95,true,TC-TEE-CREW,
TC103416,2026-07-29,73.22,true,TC-TEE-CREW,meta
TC103417,2026-07-29,88.63,true,TC-TEE-CREW,instagram
TC103418,2026-07-29,65.94,true,TC-TEE-CREW,instagram
TC103419,2026-07-29,57.44,true,TC-TEE-CREW,instagram
TC103420,2026-07-29,56.69,true,TC-TEE-CREW,facebook
TC103421,2026-07-29,65.20,true,TC-TEE-CREW,instagram
TC103422,2026-07-29,67.27,true,TC-TEE-CREW,
TC103423,2026-07-29,86.82,true,TC-TEE-CREW,
TC103424,2026-07-29,66.09,true,TC-TEE-CREW,facebook
TC103425,2026-07-29,57.93,true,TC-TEE-CREW,facebook
TC103426,2026-07-29,70.47,true,TC-TEE-CREW,instagram
TC103427,2026-07-29,75.39,false,TC-TEE-CREW,facebook
TC103428,2026-07-29,57.17,false,TC-TEE-CREW,instagram
TC103429,2026-07-29,84.76,false,TC-TEE-CREW,
TC103430,2026-07-29,74.66,false,TC-TEE-CREW,meta
TC103431,2026-07-29,85.21,false,TC-TEE-CREW,instagram
TC103432,2026-07-29,71.57,false,TC-TEE-CREW,instagram
TC103433,2026-07-29,70.21,false,TC-TEE-CREW,meta
TC103434,2026-07-29,86.26,false,TC-TEE-CREW,meta
TC103435,2026-07-29,88.78,false,TC-TEE-CREW,instagram
TC103436,2026-07-29,60.54,false,TC-TEE-CREW,
TC103437,2026-07-29,150.82,false,TC-TEE-CREW,meta
TC103438,2026-07-29,72.40,true,TC-TEE-CREW,instagram
TC103439,2026-07-29,57.19,true,TC-TEE-CREW,facebook
TC103440,2026-07-29,64.33,true,TC-TEE-CREW,instagram
TC103441,2026-07-29,88.66,true,TC-TEE-CREW,facebook
TC103442,2026-07-29,57.22,true,TC-TEE-CREW,
TC103443,2026-07-29,62.01,true,TC-TEE-CREW,facebook
TC103444,2026-07-29,62.28,false,TC-TEE-CREW,facebook
TC103445,2026-07-29,79.42,false,TC-TEE-CREW,instagram
TC103446,2026-07-29,65.57,false,TC-TEE-CREW,facebook
TC103447,2026-07-29,82.46,false,TC-TEE-CREW,facebook
TC103448,2026-07-29,63.22,false,TC-TEE-CREW,facebook
TC103449,2026-07-29,68.15,false,TC-TEE-CREW,
TC103450,2026-07-29,73.87,false,TC-TEE-CREW,
TC103451,2026-07-29,66.71,false,TC-TEE-CREW,facebook
TC103452,2026-07-29,68.99,false,TC-TEE-CREW,facebook
TC103453,2026-07-29,63.33,false,TC-TEE-CREW,instagram
TC103454,2026-07-29,66.37,false,TC-TEE-CREW,facebook
TC103455,2026-07-29,64.85,false,TC-TEE-CREW,instagram
TC103456,2026-07-29,76.57,false,TC-TEE-CREW,instagram
TC103457,2026-07-29,63.49,false,TC-TEE-CREW,
TC103458,2026-07-29,75.87,false,TC-TEE-CREW,instagram
TC103459,2026-07-29,62.37,false,TC-TEE-CREW,meta
TC103460,2026-07-29,53.90,false,TC-TEE-CREW,facebook
TC103461,2026-07-29,161.52,false,TC-TEE-CREW,facebook
TC103462,2026-07-29,62.29,true,TC-TEE-CREW,facebook
TC103463,2026-07-29,73.05,true,TC-TEE-CREW,meta
TC103464,2026-07-29,78.45,true,TC-TEE-CREW,meta
TC103465,2026-07-29,71.30,true,TC-TEE-CREW,
TC103466,2026-07-29,77.25,true,TC-TEE-CREW,instagram
TC103467,2026-07-29,74.73,true,TC-TEE-CREW,facebook
TC103468,2026-07-29,83.37,true,TC-TEE-CREW,facebook
TC103469,2026-07-29,59.00,true,TC-TEE-CREW,facebook
TC103470,2026-07-29,92.06,true,TC-TEE-CREW,facebook
TC103471,2026-07-29,65.79,true,TC-TEE-CREW,
TC103472,2026-07-29,70.86,false,TC-TEE-CREW,facebook
TC103473,2026-07-29,77.63,false,TC-TEE-CREW,instagram
TC103474,2026-07-29,55.99,true,TC-UND-BOXER,instagram
TC103475,2026-07-29,64.07,true,TC-UND-BOXER,instagram
TC103476,2026-07-29,53.41,true,TC-UND-BOXER,meta
TC103477,2026-07-29,67.33,true,TC-UND-BOXER,meta
TC103478,2026-07-29,70.30,true,TC-UND-BOXER,instagram
TC103479,2026-07-29,85.66,true,TC-UND-BOXER,instagram
TC103480,2026-07-29,100.09,false,TC-UND-BOXER,
TC103481,2026-07-29,63.09,true,TC-MIXED,meta
TC103482,2026-07-29,77.73,true,TC-MIXED,instagram
TC103483,2026-07-29,73.55,false,TC-MIXED,instagram
TC103484,2026-07-29,58.96,false,TC-MIXED,
TC103485,2026-07-29,76.43,false,TC-MIXED,
TC103486,2026-07-29,71.55,false,TC-MIXED,
TC103487,2026-07-29,60.05,false,TC-MIXED,meta
TC103488,2026-07-29,75.07,false,TC-MIXED,facebook
TC103489,2026-07-29,60.29,false,TC-MIXED,
TC103490,2026-07-29,75.36,false,TC-MIXED,instagram
TC103491,2026-07-29,82.61,false,TC-UNKNOWN-CLEARANCE,instagram
TC103492,2026-07-29,74.01,false,TC-MIXED,
TC103493,2026-07-29,105.02,false,TC-UNKNOWN-CLEARANCE,facebook
TC103494,2026-07-29,83.78,true,TC-TEE-CREW,google_ads
TC103495,2026-07-29,59.19,true,TC-TEE-CREW,google_ads
TC103496,2026-07-29,62.46,true,TC-TEE-CREW,cpc
TC103497,2026-07-29,59.50,true,TC-TEE-CREW,google_ads
TC103498,2026-07-29,79.45,true,TC-TEE-CREW,cpc
TC103499,2026-07-29,56.57,true,TC-TEE-CREW,google
TC103500,2026-07-29,59.28,true,TC-TEE-CREW,
TC103501,2026-07-29,67.47,true,TC-TEE-CREW,cpc
TC103502,2026-07-29,63.80,true,TC-TEE-CREW,
TC103503,2026-07-29,69.00,true,TC-TEE-CREW,cpc
TC103504,2026-07-29,78.38,true,TC-TEE-CREW,google_ads
TC103505,2026-07-29,59.21,true,TC-TEE-CREW,google
TC103506,2026-07-29,63.13,true,TC-TEE-CREW,google
TC103507,2026-07-29,89.08,true,TC-TEE-CREW,google
TC103508,2026-07-29,70.38,true,TC-TEE-CREW,cpc
TC103509,2026-07-29,56.58,true,TC-TEE-CREW,google
TC103510,2026-07-29,67.75,true,TC-TEE-CREW,google
TC103511,2026-07-29,79.73,true,TC-TEE-CREW,google
TC103512,2026-07-29,58.83,true,TC-TEE-CREW,
TC103513,2026-07-29,54.53,true,TC-TEE-CREW,cpc
TC103514,2026-07-29,68.98,true,TC-TEE-CREW,cpc
TC103515,2026-07-29,77.41,true,TC-TEE-CREW,google_ads
TC103516,2026-07-29,85.05,true,TC-TEE-CREW,cpc
TC103517,2026-07-29,86.10,true,TC-TEE-CREW,google_ads
TC103518,2026-07-29,55.60,true,TC-TEE-CREW,google_ads
TC103519,2026-07-29,75.18,true,TC-TEE-CREW,google_ads
TC103520,2026-07-29,76.54,false,TC-TEE-CREW,cpc
TC103521,2026-07-29,67.20,false,TC-TEE-CREW,
TC103522,2026-07-29,77.75,false,TC-TEE-CREW,cpc
TC103523,2026-07-29,80.90,false,TC-TEE-CREW,google
TC103524,2026-07-29,70.39,false,TC-TEE-CREW,google_ads
TC103525,2026-07-29,68.43,false,TC-TEE-CREW,google_ads
TC103526,2026-07-29,54.68,false,TC-TEE-CREW,
TC103527,2026-07-29,63.24,false,TC-TEE-CREW,google_ads
TC103528,2026-07-29,72.73,false,TC-TEE-CREW,cpc
TC103529,2026-07-29,78.96,false,TC-TEE-CREW,
TC103530,2026-07-29,81.33,false,TC-TEE-CREW,
TC103531,2026-07-29,72.85,false,TC-TEE-CREW,
TC103532,2026-07-29,57.45,false,TC-TEE-CREW,google
TC103533,2026-07-29,89.52,false,TC-TEE-CREW,google
TC103534,2026-07-29,83.26,false,TC-TEE-CREW,google_ads
TC103535,2026-07-29,71.42,false,TC-TEE-CREW,google
TC103536,2026-07-29,68.31,false,TC-TEE-CREW,cpc
TC103537,2026-07-29,63.08,false,TC-TEE-CREW,cpc
TC103538,2026-07-29,78.29,false,TC-TEE-CREW,google_ads
TC103539,2026-07-29,79.89,false,TC-TEE-CREW,google_ads
TC103540,2026-07-29,64.87,false,TC-TEE-CREW,google
TC103541,2026-07-29,80.74,false,TC-TEE-CREW,google
TC103542,2026-07-29,74.14,false,TC-TEE-CREW,cpc
TC103543,2026-07-29,70.40,false,TC-TEE-CREW,cpc
TC103544,2026-07-29,87.51,false,TC-TEE-CREW,google
TC103545,2026-07-29,87.69,false,TC-TEE-CREW,
TC103546,2026-07-29,69.37,false,TC-TEE-CREW,
TC103547,2026-07-29,69.56,false,TC-TEE-CREW,
TC103548,2026-07-29,58.42,false,TC-TEE-CREW,
TC103549,2026-07-29,66.08,false,TC-TEE-CREW,google
TC103550,2026-07-29,85.89,false,TC-TEE-CREW,google
TC103551,2026-07-29,77.40,false,TC-TEE-CREW,google_ads
TC103552,2026-07-29,81.44,false,TC-TEE-CREW,
TC103553,2026-07-29,98.29,false,TC-TEE-CREW,google
TC103554,2026-07-29,63.71,true,TC-TEE-CREW,
TC103555,2026-07-29,65.51,true,TC-TEE-CREW,
TC103556,2026-07-29,80.21,true,TC-TEE-CREW,google
TC103557,2026-07-29,68.88,true,TC-TEE-CREW,
TC103558,2026-07-29,76.96,true,TC-TEE-CREW,
TC103559,2026-07-29,71.55,true,TC-TEE-CREW,cpc
TC103560,2026-07-29,87.08,true,TC-TEE-CREW,google_ads
TC103561,2026-07-29,55.04,true,TC-TEE-CREW,cpc
TC103562,2026-07-29,81.88,true,TC-TEE-CREW,google
TC103563,2026-07-29,59.57,true,TC-TEE-CREW,
TC103564,2026-07-29,55.60,true,TC-TEE-CREW,cpc
TC103565,2026-07-29,72.98,true,TC-TEE-CREW,
TC103566,2026-07-29,73.38,true,TC-TEE-CREW,cpc
TC103567,2026-07-29,64.03,true,TC-TEE-CREW,google_ads
TC103568,2026-07-29,77.43,true,TC-TEE-CREW,
TC103569,2026-07-29,90.71,true,TC-TEE-CREW,cpc
TC103570,2026-07-29,62.49,true,TC-TEE-CREW,google
TC103571,2026-07-29,69.66,true,TC-TEE-CREW,google_ads
TC103572,2026-07-29,88.76,true,TC-TEE-CREW,google
TC103573,2026-07-29,81.18,false,TC-TEE-CREW,
TC103574,2026-07-29,90.40,false,TC-TEE-CREW,google_ads
TC103575,2026-07-29,69.82,false,TC-TEE-CREW,google
TC103576,2026-07-29,72.59,false,TC-TEE-CREW,google_ads
TC103577,2026-07-29,62.83,false,TC-TEE-CREW,google_ads
TC103578,2026-07-29,59.92,true,TC-SHIRT-OXFORD,cpc
TC103579,2026-07-29,65.03,true,TC-SHIRT-OXFORD,google_ads
TC103580,2026-07-29,85.67,true,TC-SHIRT-OXFORD,google
TC103581,2026-07-29,53.90,true,TC-SHIRT-OXFORD,
TC103582,2026-07-29,73.96,true,TC-SHIRT-OXFORD,google_ads
TC103583,2026-07-29,53.67,true,TC-SHIRT-OXFORD,cpc
TC103584,2026-07-29,73.57,true,TC-SHIRT-OXFORD,
TC103585,2026-07-29,78.09,false,TC-SHIRT-OXFORD,
TC103586,2026-07-29,72.09,false,TC-SHIRT-OXFORD,google
TC103587,2026-07-29,86.80,false,TC-SHIRT-OXFORD,google_ads
TC103588,2026-07-29,68.75,false,TC-SHIRT-OXFORD,
TC103589,2026-07-29,67.31,false,TC-SHIRT-OXFORD,
TC103590,2026-07-29,81.16,false,TC-SHIRT-OXFORD,cpc
TC103591,2026-07-29,65.99,false,TC-SHIRT-OXFORD,
TC103592,2026-07-29,76.25,false,TC-SHIRT-OXFORD,cpc
TC103593,2026-07-29,78.43,false,TC-SHIRT-OXFORD,google
TC103594,2026-07-29,81.01,false,TC-SHIRT-OXFORD,google_ads
TC103595,2026-07-29,53.39,false,TC-SHIRT-OXFORD,
TC103596,2026-07-29,68.25,true,TC-TEE-CREW,cpc
TC103597,2026-07-29,89.45,true,TC-TEE-CREW,
TC103598,2026-07-29,74.86,true,TC-TEE-CREW,
TC103599,2026-07-29,58.24,true,TC-TEE-CREW,cpc
TC103600,2026-07-29,78.96,true,TC-TEE-CREW,google
TC103601,2026-07-29,63.83,true,TC-TEE-CREW,google
TC103602,2026-07-29,81.24,true,TC-TEE-CREW,
TC103603,2026-07-29,70.74,true,TC-TEE-CREW,
TC103604,2026-07-29,82.50,true,TC-TEE-CREW,google_ads
TC103605,2026-07-29,77.56,true,TC-TEE-CREW,google_ads
TC103606,2026-07-29,56.15,true,TC-TEE-CREW,google
TC103607,2026-07-29,55.58,true,TC-TEE-CREW,google
TC103608,2026-07-29,60.94,true,TC-TEE-CREW,cpc
TC103609,2026-07-29,77.08,true,TC-TEE-CREW,
TC103610,2026-07-29,60.43,true,TC-TEE-CREW,google
TC103611,2026-07-29,81.69,true,TC-TEE-CREW,google
TC103612,2026-07-29,89.50,true,TC-TEE-CREW,google_ads
TC103613,2026-07-29,57.32,true,TC-TEE-CREW,google
TC103614,2026-07-29,80.05,true,TC-TEE-CREW,google_ads
TC103615,2026-07-29,84.30,true,TC-TEE-CREW,google_ads
TC103616,2026-07-29,58.51,true,TC-TEE-CREW,google
TC103617,2026-07-29,73.48,false,TC-TEE-CREW,
TC103618,2026-07-29,64.07,false,TC-TEE-CREW,cpc
TC103619,2026-07-29,65.38,false,TC-TEE-CREW,google_ads
TC103620,2026-07-29,63.66,false,TC-TEE-CREW,google_ads
TC103621,2026-07-29,117.55,false,TC-TEE-CREW,
TC103622,2026-07-30,58.09,true,TC-TEE-CREW,
TC103623,2026-07-30,82.14,true,TC-TEE-CREW,
TC103624,2026-07-30,69.21,true,TC-TEE-CREW,
TC103625,2026-07-30,78.70,true,TC-TEE-CREW,instagram
TC103626,2026-07-30,88.82,true,TC-TEE-CREW,meta
TC103627,2026-07-30,54.90,true,TC-TEE-CREW,meta
TC103628,2026-07-30,74.30,true,TC-TEE-CREW,instagram
TC103629,2026-07-30,82.54,true,TC-TEE-CREW,facebook
TC103630,2026-07-30,81.42,true,TC-TEE-CREW,facebook
TC103631,2026-07-30,83.98,true,TC-TEE-CREW,meta
TC103632,2026-07-30,66.65,true,TC-TEE-CREW,instagram
TC103633,2026-07-30,89.78,true,TC-TEE-CREW,facebook
TC103634,2026-07-30,65.05,true,TC-TEE-CREW,facebook
TC103635,2026-07-30,79.33,true,TC-TEE-CREW,
TC103636,2026-07-30,56.72,true,TC-TEE-CREW,instagram
TC103637,2026-07-30,80.43,true,TC-TEE-CREW,instagram
TC103638,2026-07-30,80.23,true,TC-TEE-CREW,instagram
TC103639,2026-07-30,66.18,true,TC-TEE-CREW,instagram
TC103640,2026-07-30,86.54,true,TC-TEE-CREW,facebook
TC103641,2026-07-30,72.41,true,TC-TEE-CREW,
TC103642,2026-07-30,55.70,true,TC-TEE-CREW,
TC103643,2026-07-30,74.25,true,TC-TEE-CREW,instagram
TC103644,2026-07-30,86.34,true,TC-TEE-CREW,facebook
TC103645,2026-07-30,80.77,true,TC-TEE-CREW,facebook
TC103646,2026-07-30,77.95,true,TC-TEE-CREW,instagram
TC103647,2026-07-30,58.75,true,TC-TEE-CREW,
TC103648,2026-07-30,87.58,true,TC-TEE-CREW,
TC103649,2026-07-30,72.41,true,TC-TEE-CREW,facebook
TC103650,2026-07-30,78.53,true,TC-TEE-CREW,
TC103651,2026-07-30,69.36,true,TC-TEE-CREW,
TC103652,2026-07-30,70.51,true,TC-TEE-CREW,instagram
TC103653,2026-07-30,60.76,true,TC-TEE-CREW,instagram
TC103654,2026-07-30,58.47,true,TC-TEE-CREW,facebook
TC103655,2026-07-30,89.95,true,TC-TEE-CREW,facebook
TC103656,2026-07-30,59.97,true,TC-TEE-CREW,
TC103657,2026-07-30,87.54,true,TC-TEE-CREW,instagram
TC103658,2026-07-30,55.35,true,TC-TEE-CREW,
TC103659,2026-07-30,54.23,true,TC-TEE-CREW,facebook
TC103660,2026-07-30,72.16,true,TC-TEE-CREW,
TC103661,2026-07-30,55.67,true,TC-TEE-CREW,meta
TC103662,2026-07-30,69.89,true,TC-TEE-CREW,facebook
TC103663,2026-07-30,73.46,true,TC-TEE-CREW,
TC103664,2026-07-30,57.02,true,TC-TEE-CREW,facebook
TC103665,2026-07-30,63.06,true,TC-TEE-CREW,instagram
TC103666,2026-07-30,60.16,true,TC-TEE-CREW,meta
TC103667,2026-07-30,82.12,false,TC-TEE-CREW,facebook
TC103668,2026-07-30,88.71,false,TC-TEE-CREW,
TC103669,2026-07-30,82.06,false,TC-TEE-CREW,instagram
TC103670,2026-07-30,75.65,false,TC-TEE-CREW,
TC103671,2026-07-30,56.58,false,TC-TEE-CREW,meta
TC103672,2026-07-30,82.33,false,TC-TEE-CREW,meta
TC103673,2026-07-30,67.67,false,TC-TEE-CREW,facebook
TC103674,2026-07-30,62.01,false,TC-TEE-CREW,instagram
TC103675,2026-07-30,84.93,false,TC-TEE-CREW,instagram
TC103676,2026-07-30,83.69,false,TC-TEE-CREW,meta
TC103677,2026-07-30,49.87,false,TC-TEE-CREW,facebook
TC103678,2026-07-30,62.96,true,TC-TEE-CREW,facebook
TC103679,2026-07-30,79.71,true,TC-TEE-CREW,instagram
TC103680,2026-07-30,83.44,true,TC-TEE-CREW,
TC103681,2026-07-30,58.38,false,TC-TEE-CREW,meta
TC103682,2026-07-30,62.09,false,TC-TEE-CREW,instagram
TC103683,2026-07-30,62.20,false,TC-TEE-CREW,
TC103684,2026-07-30,64.13,false,TC-TEE-CREW,facebook
TC103685,2026-07-30,59.12,false,TC-TEE-CREW,instagram
TC103686,2026-07-30,77.25,false,TC-TEE-CREW,
TC103687,2026-07-30,58.49,false,TC-TEE-CREW,facebook
TC103688,2026-07-30,75.78,false,TC-TEE-CREW,instagram
TC103689,2026-07-30,73.85,false,TC-TEE-CREW,facebook
TC103690,2026-07-30,83.36,false,TC-TEE-CREW,instagram
TC103691,2026-07-30,74.74,false,TC-TEE-CREW,
TC103692,2026-07-30,86.09,false,TC-TEE-CREW,instagram
TC103693,2026-07-30,55.70,false,TC-TEE-CREW,instagram
TC103694,2026-07-30,57.74,false,TC-TEE-CREW,facebook
TC103695,2026-07-30,83.25,false,TC-TEE-CREW,meta
TC103696,2026-07-30,55.95,false,TC-TEE-CREW,instagram
TC103697,2026-07-30,56.72,false,TC-TEE-CREW,instagram
TC103698,2026-07-30,80.80,false,TC-TEE-CREW,facebook
TC103699,2026-07-30,77.54,false,TC-TEE-CREW,facebook
TC103700,2026-07-30,82.36,false,TC-TEE-CREW,
TC103701,2026-07-30,57.91,false,TC-TEE-CREW,instagram
TC103702,2026-07-30,57.98,false,TC-TEE-CREW,instagram
TC103703,2026-07-30,69.34,false,TC-TEE-CREW,
TC103704,2026-07-30,127.84,false,TC-TEE-CREW,facebook
TC103705,2026-07-30,60.27,true,TC-TEE-CREW,facebook
TC103706,2026-07-30,77.44,true,TC-TEE-CREW,facebook
TC103707,2026-07-30,75.82,true,TC-TEE-CREW,instagram
TC103708,2026-07-30,82.31,true,TC-TEE-CREW,meta
TC103709,2026-07-30,59.46,true,TC-TEE-CREW,facebook
TC103710,2026-07-30,73.43,true,TC-TEE-CREW,meta
TC103711,2026-07-30,74.98,true,TC-TEE-CREW,
TC103712,2026-07-30,78.79,true,TC-TEE-CREW,
TC103713,2026-07-30,66.23,false,TC-TEE-CREW,instagram
TC103714,2026-07-30,65.30,false,TC-TEE-CREW,facebook
TC103715,2026-07-30,57.61,false,TC-TEE-CREW,
TC103716,2026-07-30,56.18,true,TC-UND-BOXER,
TC103717,2026-07-30,85.43,true,TC-UND-BOXER,instagram
TC103718,2026-07-30,62.09,true,TC-UND-BOXER,instagram
TC103719,2026-07-30,69.86,true,TC-UND-BOXER,instagram
TC103720,2026-07-30,61.80,true,TC-UND-BOXER,facebook
TC103721,2026-07-30,59.44,true,TC-UND-BOXER,facebook
TC103722,2026-07-30,85.26,false,TC-UND-BOXER,facebook
TC103723,2026-07-30,83.73,false,TC-UND-BOXER,
TC103724,2026-07-30,85.46,true,TC-UNKNOWN-CLEARANCE,facebook
TC103725,2026-07-30,72.63,false,TC-MIXED,
TC103726,2026-07-30,70.20,false,TC-MIXED,meta
TC103727,2026-07-30,61.03,false,TC-MIXED,facebook
TC103728,2026-07-30,58.00,false,TC-MIXED,
TC103729,2026-07-30,71.05,false,TC-MIXED,
TC103730,2026-07-30,86.77,false,TC-MIXED,
TC103731,2026-07-30,78.49,false,TC-MIXED,instagram
TC103732,2026-07-30,76.30,false,TC-MIXED,facebook
TC103733,2026-07-30,89.51,false,TC-MIXED,facebook
TC103734,2026-07-30,68.67,false,TC-UNKNOWN-CLEARANCE,instagram
TC103735,2026-07-30,79.68,false,TC-MIXED,
TC103736,2026-07-30,52.47,false,TC-MIXED,
TC103737,2026-07-30,62.58,true,TC-TEE-CREW,google
TC103738,2026-07-30,83.56,true,TC-TEE-CREW,cpc
TC103739,2026-07-30,79.47,true,TC-TEE-CREW,
TC103740,2026-07-30,65.42,true,TC-TEE-CREW,cpc
TC103741,2026-07-30,82.99,true,TC-TEE-CREW,
TC103742,2026-07-30,54.82,true,TC-TEE-CREW,
TC103743,2026-07-30,65.49,true,TC-TEE-CREW,google_ads
TC103744,2026-07-30,54.94,true,TC-TEE-CREW,
TC103745,2026-07-30,78.76,true,TC-TEE-CREW,google
TC103746,2026-07-30,63.82,true,TC-TEE-CREW,
TC103747,2026-07-30,56.45,true,TC-TEE-CREW,google
TC103748,2026-07-30,55.28,true,TC-TEE-CREW,google_ads
TC103749,2026-07-30,78.55,true,TC-TEE-CREW,
TC103750,2026-07-30,86.23,true,TC-TEE-CREW,google
TC103751,2026-07-30,84.10,true,TC-TEE-CREW,
TC103752,2026-07-30,63.95,true,TC-TEE-CREW,google_ads
TC103753,2026-07-30,59.55,true,TC-TEE-CREW,
TC103754,2026-07-30,84.64,true,TC-TEE-CREW,
TC103755,2026-07-30,66.58,true,TC-TEE-CREW,
TC103756,2026-07-30,54.15,true,TC-TEE-CREW,google_ads
TC103757,2026-07-30,63.62,true,TC-TEE-CREW,cpc
TC103758,2026-07-30,74.42,true,TC-TEE-CREW,
TC103759,2026-07-30,65.46,true,TC-TEE-CREW,google_ads
TC103760,2026-07-30,56.24,true,TC-TEE-CREW,google_ads
TC103761,2026-07-30,58.52,true,TC-TEE-CREW,google
TC103762,2026-07-30,77.66,true,TC-TEE-CREW,google_ads
TC103763,2026-07-30,73.15,true,TC-TEE-CREW,google_ads
TC103764,2026-07-30,55.84,true,TC-TEE-CREW,google_ads
TC103765,2026-07-30,80.86,true,TC-TEE-CREW,google
TC103766,2026-07-30,72.83,true,TC-TEE-CREW,google
TC103767,2026-07-30,82.11,true,TC-TEE-CREW,google
TC103768,2026-07-30,66.37,true,TC-TEE-CREW,google
TC103769,2026-07-30,88.40,true,TC-TEE-CREW,google
TC103770,2026-07-30,82.86,true,TC-TEE-CREW,google
TC103771,2026-07-30,77.97,false,TC-TEE-CREW,google_ads
TC103772,2026-07-30,54.05,false,TC-TEE-CREW,google_ads
TC103773,2026-07-30,58.27,false,TC-TEE-CREW,google
TC103774,2026-07-30,80.06,false,TC-TEE-CREW,google_ads
TC103775,2026-07-30,64.00,false,TC-TEE-CREW,cpc
TC103776,2026-07-30,72.94,false,TC-TEE-CREW,
TC103777,2026-07-30,80.78,false,TC-TEE-CREW,google
TC103778,2026-07-30,65.27,false,TC-TEE-CREW,google_ads
TC103779,2026-07-30,81.09,false,TC-TEE-CREW,google_ads
TC103780,2026-07-30,73.74,false,TC-TEE-CREW,cpc
TC103781,2026-07-30,55.14,false,TC-TEE-CREW,cpc
TC103782,2026-07-30,71.15,false,TC-TEE-CREW,
TC103783,2026-07-30,80.17,false,TC-TEE-CREW,google_ads
TC103784,2026-07-30,65.65,false,TC-TEE-CREW,google_ads
TC103785,2026-07-30,60.53,false,TC-TEE-CREW,cpc
TC103786,2026-07-30,89.32,false,TC-TEE-CREW,cpc
TC103787,2026-07-30,76.34,false,TC-TEE-CREW,google
TC103788,2026-07-30,59.29,false,TC-TEE-CREW,
TC103789,2026-07-30,78.69,false,TC-TEE-CREW,google
TC103790,2026-07-30,64.68,false,TC-TEE-CREW,google
TC103791,2026-07-30,83.89,false,TC-TEE-CREW,google_ads
TC103792,2026-07-30,76.60,false,TC-TEE-CREW,
TC103793,2026-07-30,69.79,false,TC-TEE-CREW,
TC103794,2026-07-30,64.01,false,TC-TEE-CREW,
TC103795,2026-07-30,82.64,false,TC-TEE-CREW,google
TC103796,2026-07-30,84.72,false,TC-TEE-CREW,google
TC103797,2026-07-30,79.62,false,TC-TEE-CREW,
TC103798,2026-07-30,82.50,false,TC-TEE-CREW,google_ads
TC103799,2026-07-30,87.06,false,TC-TEE-CREW,
TC103800,2026-07-30,68.54,false,TC-TEE-CREW,
TC103801,2026-07-30,56.14,false,TC-TEE-CREW,cpc
TC103802,2026-07-30,60.34,false,TC-TEE-CREW,google
TC103803,2026-07-30,67.96,false,TC-TEE-CREW,google_ads
TC103804,2026-07-30,62.97,false,TC-TEE-CREW,
TC103805,2026-07-30,54.98,false,TC-TEE-CREW,
TC103806,2026-07-30,73.75,false,TC-TEE-CREW,google_ads
TC103807,2026-07-30,135.42,false,TC-TEE-CREW,
TC103808,2026-07-30,66.81,true,TC-TEE-CREW,cpc
TC103809,2026-07-30,73.38,true,TC-TEE-CREW,
TC103810,2026-07-30,78.77,true,TC-TEE-CREW,google
TC103811,2026-07-30,88.01,true,TC-TEE-CREW,
TC103812,2026-07-30,57.43,true,TC-TEE-CREW,google_ads
TC103813,2026-07-30,67.24,true,TC-TEE-CREW,cpc
TC103814,2026-07-30,71.27,true,TC-TEE-CREW,
TC103815,2026-07-30,57.55,true,TC-TEE-CREW,
TC103816,2026-07-30,66.99,true,TC-TEE-CREW,
TC103817,2026-07-30,62.03,true,TC-TEE-CREW,cpc
TC103818,2026-07-30,87.06,true,TC-TEE-CREW,cpc
TC103819,2026-07-30,65.20,true,TC-TEE-CREW,google_ads
TC103820,2026-07-30,57.76,true,TC-TEE-CREW,google
TC103821,2026-07-30,56.76,true,TC-TEE-CREW,
TC103822,2026-07-30,54.12,true,TC-TEE-CREW,google
TC103823,2026-07-30,57.93,true,TC-TEE-CREW,google_ads
TC103824,2026-07-30,70.50,true,TC-TEE-CREW,google_ads
TC103825,2026-07-30,64.06,true,TC-TEE-CREW,google
TC103826,2026-07-30,60.17,true,TC-TEE-CREW,cpc
TC103827,2026-07-30,85.93,false,TC-TEE-CREW,cpc
TC103828,2026-07-30,59.48,false,TC-TEE-CREW,google
TC103829,2026-07-30,60.34,false,TC-TEE-CREW,cpc
TC103830,2026-07-30,87.07,false,TC-TEE-CREW,google
TC103831,2026-07-30,62.81,false,TC-TEE-CREW,google
TC103832,2026-07-30,62.77,false,TC-TEE-CREW,google_ads
TC103833,2026-07-30,178.22,false,TC-TEE-CREW,google
TC103834,2026-07-30,65.08,true,TC-SHIRT-OXFORD,
TC103835,2026-07-30,54.54,true,TC-SHIRT-OXFORD,cpc
TC103836,2026-07-30,58.29,true,TC-SHIRT-OXFORD,google_ads
TC103837,2026-07-30,66.79,true,TC-SHIRT-OXFORD,cpc
TC103838,2026-07-30,80.42,true,TC-SHIRT-OXFORD,google_ads
TC103839,2026-07-30,71.87,true,TC-SHIRT-OXFORD,google_ads
TC103840,2026-07-30,78.58,false,TC-SHIRT-OXFORD,
TC103841,2026-07-30,64.59,false,TC-SHIRT-OXFORD,google_ads
TC103842,2026-07-30,72.26,false,TC-SHIRT-OXFORD,
TC103843,2026-07-30,71.19,false,TC-SHIRT-OXFORD,
TC103844,2026-07-30,81.06,false,TC-SHIRT-OXFORD,google
TC103845,2026-07-30,66.04,false,TC-SHIRT-OXFORD,google_ads
TC103846,2026-07-30,82.60,false,TC-SHIRT-OXFORD,cpc
TC103847,2026-07-30,64.72,false,TC-SHIRT-OXFORD,google_ads
TC103848,2026-07-30,78.37,false,TC-SHIRT-OXFORD,google
TC103849,2026-07-30,66.40,false,TC-SHIRT-OXFORD,cpc
TC103850,2026-07-30,56.31,true,TC-TEE-CREW,
TC103851,2026-07-30,76.84,true,TC-TEE-CREW,cpc
TC103852,2026-07-30,64.70,true,TC-TEE-CREW,cpc
TC103853,2026-07-30,80.22,true,TC-TEE-CREW,
TC103854,2026-07-30,64.75,true,TC-TEE-CREW,
TC103855,2026-07-30,66.57,true,TC-TEE-CREW,google
TC103856,2026-07-30,84.12,true,TC-TEE-CREW,google_ads
TC103857,2026-07-30,63.48,true,TC-TEE-CREW,google_ads
TC103858,2026-07-30,84.39,true,TC-TEE-CREW,cpc
TC103859,2026-07-30,61.70,true,TC-TEE-CREW,cpc
TC103860,2026-07-30,69.49,true,TC-TEE-CREW,google
TC103861,2026-07-30,89.91,true,TC-TEE-CREW,cpc
TC103862,2026-07-30,80.15,true,TC-TEE-CREW,google_ads
TC103863,2026-07-30,79.90,true,TC-TEE-CREW,
TC103864,2026-07-30,77.67,true,TC-TEE-CREW,cpc
TC103865,2026-07-30,59.34,true,TC-TEE-CREW,google_ads
TC103866,2026-07-30,64.38,true,TC-TEE-CREW,google
TC103867,2026-07-30,69.46,true,TC-TEE-CREW,google
TC103868,2026-07-30,82.00,true,TC-TEE-CREW,cpc
TC103869,2026-07-30,55.16,true,TC-TEE-CREW,google_ads
TC103870,2026-07-30,73.56,true,TC-TEE-CREW,google
TC103871,2026-07-30,65.81,true,TC-TEE-CREW,google
TC103872,2026-07-30,82.39,true,TC-TEE-CREW,google
TC103873,2026-07-30,73.42,true,TC-TEE-CREW,cpc
TC103874,2026-07-30,86.14,true,TC-TEE-CREW,google
TC103875,2026-07-30,72.07,true,TC-TEE-CREW,google
TC103876,2026-07-30,84.29,false,TC-TEE-CREW,
TC103877,2026-07-30,54.85,false,TC-TEE-CREW,cpc
TC103878,2026-07-30,62.58,false,TC-TEE-CREW,google
TC103879,2026-07-30,61.70,false,TC-TEE-CREW,
TC103880,2026-07-30,54.99,false,TC-TEE-CREW,cpc
TC103881,2026-07-30,75.31,false,TC-TEE-CREW,
TC103882,2026-07-30,110.78,false,TC-TEE-CREW,google_ads
TC103883,2026-07-31,57.04,true,TC-TEE-CREW,instagram
TC103884,2026-07-31,66.88,true,TC-TEE-CREW,meta
TC103885,2026-07-31,84.90,true,TC-TEE-CREW,meta
TC103886,2026-07-31,59.54,true,TC-TEE-CREW,instagram
TC103887,2026-07-31,60.13,true,TC-TEE-CREW,instagram
TC103888,2026-07-31,68.10,true,TC-TEE-CREW,instagram
TC103889,2026-07-31,87.14,true,TC-TEE-CREW,facebook
TC103890,2026-07-31,58.88,true,TC-TEE-CREW,meta
TC103891,2026-07-31,56.79,true,TC-TEE-CREW,facebook
TC103892,2026-07-31,60.48,true,TC-TEE-CREW,meta
TC103893,2026-07-31,75.09,true,TC-TEE-CREW,meta
TC103894,2026-07-31,81.08,true,TC-TEE-CREW,
TC103895,2026-07-31,66.87,true,TC-TEE-CREW,
TC103896,2026-07-31,71.70,true,TC-TEE-CREW,facebook
TC103897,2026-07-31,75.94,true,TC-TEE-CREW,instagram
TC103898,2026-07-31,78.72,true,TC-TEE-CREW,
TC103899,2026-07-31,62.32,true,TC-TEE-CREW,
TC103900,2026-07-31,61.69,true,TC-TEE-CREW,instagram
TC103901,2026-07-31,69.42,true,TC-TEE-CREW,facebook
TC103902,2026-07-31,60.39,true,TC-TEE-CREW,instagram
TC103903,2026-07-31,66.13,true,TC-TEE-CREW,meta
TC103904,2026-07-31,78.96,true,TC-TEE-CREW,meta
TC103905,2026-07-31,84.59,true,TC-TEE-CREW,meta
TC103906,2026-07-31,82.70,true,TC-TEE-CREW,meta
TC103907,2026-07-31,66.65,true,TC-TEE-CREW,meta
TC103908,2026-07-31,88.20,true,TC-TEE-CREW,meta
TC103909,2026-07-31,75.80,true,TC-TEE-CREW,instagram
TC103910,2026-07-31,57.52,true,TC-TEE-CREW,meta
TC103911,2026-07-31,71.46,true,TC-TEE-CREW,instagram
TC103912,2026-07-31,81.63,true,TC-TEE-CREW,meta
TC103913,2026-07-31,82.44,true,TC-TEE-CREW,instagram
TC103914,2026-07-31,59.32,true,TC-TEE-CREW,meta
TC103915,2026-07-31,84.72,true,TC-TEE-CREW,facebook
TC103916,2026-07-31,77.68,true,TC-TEE-CREW,meta
TC103917,2026-07-31,59.88,true,TC-TEE-CREW,facebook
TC103918,2026-07-31,87.40,true,TC-TEE-CREW,meta
TC103919,2026-07-31,80.00,true,TC-TEE-CREW,meta
TC103920,2026-07-31,79.27,true,TC-TEE-CREW,facebook
TC103921,2026-07-31,66.32,true,TC-TEE-CREW,facebook
TC103922,2026-07-31,75.85,true,TC-TEE-CREW,facebook
TC103923,2026-07-31,76.74,false,TC-TEE-CREW,facebook
TC103924,2026-07-31,63.44,false,TC-TEE-CREW,meta
TC103925,2026-07-31,84.64,false,TC-TEE-CREW,
TC103926,2026-07-31,79.30,false,TC-TEE-CREW,facebook
TC103927,2026-07-31,67.99,false,TC-TEE-CREW,instagram
TC103928,2026-07-31,74.76,false,TC-TEE-CREW,meta
TC103929,2026-07-31,56.10,false,TC-TEE-CREW,instagram
TC103930,2026-07-31,57.58,false,TC-TEE-CREW,
TC103931,2026-07-31,87.90,false,TC-TEE-CREW,instagram
TC103932,2026-07-31,61.84,false,TC-TEE-CREW,instagram
TC103933,2026-07-31,89.66,false,TC-TEE-CREW,instagram
TC103934,2026-07-31,88.54,false,TC-TEE-CREW,
TC103935,2026-07-31,58.35,false,TC-TEE-CREW,meta
TC103936,2026-07-31,76.14,false,TC-TEE-CREW,instagram
TC103937,2026-07-31,67.21,true,TC-TEE-CREW,facebook
TC103938,2026-07-31,83.21,true,TC-TEE-CREW,instagram
TC103939,2026-07-31,84.02,true,TC-TEE-CREW,instagram
TC103940,2026-07-31,60.20,true,TC-TEE-CREW,instagram
TC103941,2026-07-31,61.69,true,TC-TEE-CREW,instagram
TC103942,2026-07-31,68.90,true,TC-TEE-CREW,meta
TC103943,2026-07-31,63.06,false,TC-TEE-CREW,meta
TC103944,2026-07-31,61.82,false,TC-TEE-CREW,facebook
TC103945,2026-07-31,86.48,false,TC-TEE-CREW,meta
TC103946,2026-07-31,71.37,false,TC-TEE-CREW,instagram
TC103947,2026-07-31,54.55,false,TC-TEE-CREW,facebook
TC103948,2026-07-31,83.67,false,TC-TEE-CREW,
TC103949,2026-07-31,65.81,false,TC-TEE-CREW,facebook
TC103950,2026-07-31,54.58,false,TC-TEE-CREW,
TC103951,2026-07-31,75.72,false,TC-TEE-CREW,facebook
TC103952,2026-07-31,80.03,false,TC-TEE-CREW,instagram
TC103953,2026-07-31,78.59,false,TC-TEE-CREW,meta
TC103954,2026-07-31,74.02,false,TC-TEE-CREW,instagram
TC103955,2026-07-31,63.90,false,TC-TEE-CREW,instagram
TC103956,2026-07-31,70.77,false,TC-TEE-CREW,facebook
TC103957,2026-07-31,70.64,false,TC-TEE-CREW,instagram
TC103958,2026-07-31,76.77,false,TC-TEE-CREW,
TC103959,2026-07-31,76.14,false,TC-TEE-CREW,
TC103960,2026-07-31,54.96,false,TC-TEE-CREW,instagram
TC103961,2026-07-31,78.73,false,TC-TEE-CREW,
TC103962,2026-07-31,84.90,false,TC-TEE-CREW,instagram
TC103963,2026-07-31,57.06,true,TC-TEE-CREW,meta
TC103964,2026-07-31,57.31,true,TC-TEE-CREW,
TC103965,2026-07-31,59.81,true,TC-TEE-CREW,meta
TC103966,2026-07-31,80.19,true,TC-TEE-CREW,facebook
TC103967,2026-07-31,88.48,true,TC-TEE-CREW,
TC103968,2026-07-31,81.44,true,TC-TEE-CREW,meta
TC103969,2026-07-31,73.53,true,TC-TEE-CREW,
TC103970,2026-07-31,67.04,true,TC-TEE-CREW,facebook
TC103971,2026-07-31,54.82,true,TC-TEE-CREW,instagram
TC103972,2026-07-31,76.71,false,TC-TEE-CREW,facebook
TC103973,2026-07-31,102.64,false,TC-TEE-CREW,instagram
TC103974,2026-07-31,65.35,true,TC-UND-BOXER,instagram
TC103975,2026-07-31,58.05,true,TC-UND-BOXER,instagram
TC103976,2026-07-31,81.25,true,TC-UND-BOXER,
TC103977,2026-07-31,54.47,true,TC-UND-BOXER,facebook
TC103978,2026-07-31,55.65,true,TC-UND-BOXER,meta
TC103979,2026-07-31,66.36,true,TC-UND-BOXER,
TC103980,2026-07-31,82.66,true,TC-UND-BOXER,meta
TC103981,2026-07-31,62.03,false,TC-UND-BOXER,
TC103982,2026-07-31,91.11,false,TC-UND-BOXER,instagram
TC103983,2026-07-31,73.05,true,TC-MIXED,instagram
TC103984,2026-07-31,88.92,false,TC-MIXED,facebook
TC103985,2026-07-31,62.89,false,TC-MIXED,instagram
TC103986,2026-07-31,63.59,false,TC-MIXED,instagram
TC103987,2026-07-31,75.55,false,TC-MIXED,meta
TC103988,2026-07-31,57.88,false,TC-MIXED,facebook
TC103989,2026-07-31,55.08,false,TC-MIXED,instagram
TC103990,2026-07-31,54.76,false,TC-MIXED,instagram
TC103991,2026-07-31,74.75,false,TC-MIXED,instagram
TC103992,2026-07-31,83.41,false,TC-MIXED,
TC103993,2026-07-31,75.40,false,TC-MIXED,instagram
TC103994,2026-07-31,78.87,false,TC-MIXED,
TC103995,2026-07-31,83.80,false,TC-MIXED,
TC103996,2026-07-31,71.76,true,TC-TEE-CREW,google_ads
TC103997,2026-07-31,57.27,true,TC-TEE-CREW,google_ads
TC103998,2026-07-31,58.25,true,TC-TEE-CREW,google_ads
TC103999,2026-07-31,74.33,true,TC-TEE-CREW,cpc
TC104000,2026-07-31,75.53,true,TC-TEE-CREW,
TC104001,2026-07-31,65.87,true,TC-TEE-CREW,
TC104002,2026-07-31,86.95,true,TC-TEE-CREW,
TC104003,2026-07-31,77.86,true,TC-TEE-CREW,
TC104004,2026-07-31,89.30,true,TC-TEE-CREW,google
TC104005,2026-07-31,86.15,true,TC-TEE-CREW,google
TC104006,2026-07-31,85.68,true,TC-TEE-CREW,
TC104007,2026-07-31,68.71,true,TC-TEE-CREW,google
TC104008,2026-07-31,57.35,true,TC-TEE-CREW,google_ads
TC104009,2026-07-31,60.44,true,TC-TEE-CREW,cpc
TC104010,2026-07-31,76.60,true,TC-TEE-CREW,google_ads
TC104011,2026-07-31,72.88,true,TC-TEE-CREW,cpc
TC104012,2026-07-31,75.51,true,TC-TEE-CREW,google_ads
TC104013,2026-07-31,65.88,true,TC-TEE-CREW,cpc
TC104014,2026-07-31,58.48,true,TC-TEE-CREW,google_ads
TC104015,2026-07-31,68.96,true,TC-TEE-CREW,google_ads
TC104016,2026-07-31,58.06,true,TC-TEE-CREW,
TC104017,2026-07-31,65.44,true,TC-TEE-CREW,cpc
TC104018,2026-07-31,83.89,true,TC-TEE-CREW,google
TC104019,2026-07-31,59.76,true,TC-TEE-CREW,
TC104020,2026-07-31,81.75,true,TC-TEE-CREW,google_ads
TC104021,2026-07-31,84.89,true,TC-TEE-CREW,cpc
TC104022,2026-07-31,80.81,true,TC-TEE-CREW,
TC104023,2026-07-31,67.66,false,TC-TEE-CREW,
TC104024,2026-07-31,79.63,false,TC-TEE-CREW,google_ads
TC104025,2026-07-31,62.47,false,TC-TEE-CREW,google_ads
TC104026,2026-07-31,64.39,false,TC-TEE-CREW,cpc
TC104027,2026-07-31,89.63,false,TC-TEE-CREW,google
TC104028,2026-07-31,68.48,false,TC-TEE-CREW,
TC104029,2026-07-31,88.62,false,TC-TEE-CREW,google_ads
TC104030,2026-07-31,57.20,false,TC-TEE-CREW,cpc
TC104031,2026-07-31,83.65,false,TC-TEE-CREW,google_ads
TC104032,2026-07-31,84.76,false,TC-TEE-CREW,cpc
TC104033,2026-07-31,67.29,false,TC-TEE-CREW,google_ads
TC104034,2026-07-31,76.77,false,TC-TEE-CREW,google_ads
TC104035,2026-07-31,58.26,false,TC-TEE-CREW,google
TC104036,2026-07-31,80.20,false,TC-TEE-CREW,
TC104037,2026-07-31,54.38,false,TC-TEE-CREW,google_ads
TC104038,2026-07-31,82.72,false,TC-TEE-CREW,
TC104039,2026-07-31,85.83,false,TC-TEE-CREW,cpc
TC104040,2026-07-31,64.07,false,TC-TEE-CREW,google
TC104041,2026-07-31,89.41,false,TC-TEE-CREW,google_ads
TC104042,2026-07-31,63.01,false,TC-TEE-CREW,google
TC104043,2026-07-31,60.33,false,TC-TEE-CREW,cpc
TC104044,2026-07-31,61.54,false,TC-TEE-CREW,cpc
TC104045,2026-07-31,58.63,false,TC-TEE-CREW,cpc
TC104046,2026-07-31,79.70,false,TC-TEE-CREW,cpc
TC104047,2026-07-31,60.38,false,TC-TEE-CREW,google_ads
TC104048,2026-07-31,67.55,false,TC-TEE-CREW,cpc
TC104049,2026-07-31,55.87,false,TC-TEE-CREW,google_ads
TC104050,2026-07-31,59.22,false,TC-TEE-CREW,google
TC104051,2026-07-31,62.11,false,TC-TEE-CREW,google
TC104052,2026-07-31,68.04,false,TC-TEE-CREW,google_ads
TC104053,2026-07-31,57.25,false,TC-TEE-CREW,cpc
TC104054,2026-07-31,80.28,false,TC-TEE-CREW,
TC104055,2026-07-31,78.07,false,TC-TEE-CREW,cpc
TC104056,2026-07-31,56.55,false,TC-TEE-CREW,
TC104057,2026-07-31,57.88,false,TC-TEE-CREW,
TC104058,2026-07-31,83.46,false,TC-TEE-CREW,google
TC104059,2026-07-31,76.32,false,TC-TEE-CREW,
TC104060,2026-07-31,82.33,false,TC-TEE-CREW,
TC104061,2026-07-31,60.42,false,TC-TEE-CREW,google
TC104062,2026-07-31,78.40,false,TC-TEE-CREW,google_ads
TC104063,2026-07-31,74.52,false,TC-TEE-CREW,cpc
TC104064,2026-07-31,78.67,false,TC-TEE-CREW,google_ads
TC104065,2026-07-31,59.33,false,TC-TEE-CREW,
TC104066,2026-07-31,120.19,false,TC-TEE-CREW,google
TC104067,2026-07-31,75.05,true,TC-TEE-CREW,
TC104068,2026-07-31,68.84,true,TC-TEE-CREW,
TC104069,2026-07-31,68.35,true,TC-TEE-CREW,google
TC104070,2026-07-31,77.33,true,TC-TEE-CREW,google
TC104071,2026-07-31,82.50,true,TC-TEE-CREW,google
TC104072,2026-07-31,61.65,true,TC-TEE-CREW,
TC104073,2026-07-31,63.24,true,TC-TEE-CREW,google_ads
TC104074,2026-07-31,60.14,true,TC-TEE-CREW,google_ads
TC104075,2026-07-31,56.09,true,TC-TEE-CREW,cpc
TC104076,2026-07-31,65.31,true,TC-TEE-CREW,google_ads
TC104077,2026-07-31,81.90,true,TC-TEE-CREW,cpc
TC104078,2026-07-31,71.11,true,TC-TEE-CREW,cpc
TC104079,2026-07-31,71.14,true,TC-TEE-CREW,
TC104080,2026-07-31,67.89,true,TC-TEE-CREW,google_ads
TC104081,2026-07-31,73.06,true,TC-TEE-CREW,cpc
TC104082,2026-07-31,85.68,true,TC-TEE-CREW,google_ads
TC104083,2026-07-31,87.41,true,TC-TEE-CREW,google
TC104084,2026-07-31,85.48,true,TC-TEE-CREW,google_ads
TC104085,2026-07-31,53.80,true,TC-TEE-CREW,google
TC104086,2026-07-31,82.64,true,TC-TEE-CREW,
TC104087,2026-07-31,54.63,true,TC-TEE-CREW,cpc
TC104088,2026-07-31,54.09,false,TC-TEE-CREW,
TC104089,2026-07-31,62.40,false,TC-TEE-CREW,google_ads
TC104090,2026-07-31,84.29,false,TC-TEE-CREW,
TC104091,2026-07-31,66.77,false,TC-TEE-CREW,google
TC104092,2026-07-31,53.67,false,TC-TEE-CREW,cpc
TC104093,2026-07-31,53.56,false,TC-TEE-CREW,google_ads
TC104094,2026-07-31,115.35,false,TC-TEE-CREW,google_ads
TC104095,2026-07-31,60.33,true,TC-SHIRT-OXFORD,google_ads
TC104096,2026-07-31,72.46,true,TC-SHIRT-OXFORD,
TC104097,2026-07-31,57.38,true,TC-SHIRT-OXFORD,google
TC104098,2026-07-31,84.48,true,TC-SHIRT-OXFORD,google_ads
TC104099,2026-07-31,79.57,true,TC-SHIRT-OXFORD,cpc
TC104100,2026-07-31,58.36,true,TC-SHIRT-OXFORD,cpc
TC104101,2026-07-31,54.71,true,TC-SHIRT-OXFORD,google
TC104102,2026-07-31,78.49,true,TC-SHIRT-OXFORD,
TC104103,2026-07-31,62.81,true,TC-SHIRT-OXFORD,cpc
TC104104,2026-07-31,86.99,false,TC-SHIRT-OXFORD,google
TC104105,2026-07-31,76.86,false,TC-SHIRT-OXFORD,cpc
TC104106,2026-07-31,81.15,false,TC-SHIRT-OXFORD,google
TC104107,2026-07-31,82.96,false,TC-SHIRT-OXFORD,google_ads
TC104108,2026-07-31,83.22,false,TC-SHIRT-OXFORD,cpc
TC104109,2026-07-31,87.91,false,TC-SHIRT-OXFORD,
TC104110,2026-07-31,71.97,false,TC-SHIRT-OXFORD,google
TC104111,2026-07-31,85.84,false,TC-SHIRT-OXFORD,cpc
TC104112,2026-07-31,84.03,false,TC-SHIRT-OXFORD,google
TC104113,2026-07-31,31.60,false,TC-SHIRT-OXFORD,cpc
TC104114,2026-07-31,78.81,true,TC-TEE-CREW,google
TC104115,2026-07-31,87.34,true,TC-TEE-CREW,cpc
TC104116,2026-07-31,78.11,true,TC-TEE-CREW,google
TC104117,2026-07-31,80.65,true,TC-TEE-CREW,google
TC104118,2026-07-31,69.95,true,TC-TEE-CREW,google_ads
TC104119,2026-07-31,83.30,true,TC-TEE-CREW,
TC104120,2026-07-31,60.46,true,TC-TEE-CREW,cpc
TC104121,2026-07-31,81.14,true,TC-TEE-CREW,google_ads
TC104122,2026-07-31,56.18,true,TC-TEE-CREW,google_ads
TC104123,2026-07-31,64.90,true,TC-TEE-CREW,google
TC104124,2026-07-31,61.61,true,TC-TEE-CREW,google
TC104125,2026-07-31,77.54,true,TC-TEE-CREW,cpc
TC104126,2026-07-31,88.30,true,TC-TEE-CREW,
TC104127,2026-07-31,58.57,true,TC-TEE-CREW,google_ads
TC104128,2026-07-31,88.02,true,TC-TEE-CREW,
TC104129,2026-07-31,80.65,true,TC-TEE-CREW,cpc
TC104130,2026-07-31,68.02,true,TC-TEE-CREW,google
TC104131,2026-07-31,62.43,true,TC-TEE-CREW,
TC104132,2026-07-31,82.59,true,TC-TEE-CREW,google_ads
TC104133,2026-07-31,62.38,true,TC-TEE-CREW,
TC104134,2026-07-31,67.92,true,TC-TEE-CREW,
TC104135,2026-07-31,55.80,true,TC-TEE-CREW,cpc
TC104136,2026-07-31,87.65,true,TC-TEE-CREW,google
TC104137,2026-07-31,81.24,true,TC-TEE-CREW,
TC104138,2026-07-31,82.84,true,TC-TEE-CREW,google
TC104139,2026-07-31,58.81,true,TC-TEE-CREW,google_ads
TC104140,2026-07-31,57.74,true,TC-TEE-CREW,google
TC104141,2026-07-31,57.61,false,TC-TEE-CREW,google
TC104142,2026-07-31,86.04,false,TC-TEE-CREW,google_ads
TC104143,2026-07-31,59.96,false,TC-TEE-CREW,
TC104144,2026-07-31,86.44,false,TC-TEE-CREW,google
TC104145,2026-07-31,72.17,false,TC-TEE-CREW,google_ads
TC104146,2026-07-31,77.05,false,TC-TEE-CREW,google
TC104147,2026-08-01,77.59,true,TC-TEE-CREW,instagram
TC104148,2026-08-01,61.68,true,TC-TEE-CREW,instagram
TC104149,2026-08-01,56.78,true,TC-TEE-CREW,facebook
TC104150,2026-08-01,64.45,true,TC-TEE-CREW,facebook
TC104151,2026-08-01,70.61,true,TC-TEE-CREW,facebook
TC104152,2026-08-01,70.15,true,TC-TEE-CREW,meta
TC104153,2026-08-01,65.85,true,TC-TEE-CREW,facebook
TC104154,2026-08-01,62.18,true,TC-TEE-CREW,
TC104155,2026-08-01,54.38,true,TC-TEE-CREW,meta
TC104156,2026-08-01,63.20,true,TC-TEE-CREW,facebook
TC104157,2026-08-01,90.40,true,TC-TEE-CREW,
TC104158,2026-08-01,82.16,true,TC-TEE-CREW,instagram
TC104159,2026-08-01,73.69,true,TC-TEE-CREW,facebook
TC104160,2026-08-01,65.74,true,TC-TEE-CREW,meta
TC104161,2026-08-01,57.28,true,TC-TEE-CREW,meta
TC104162,2026-08-01,88.62,true,TC-TEE-CREW,instagram
TC104163,2026-08-01,89.12,true,TC-TEE-CREW,
TC104164,2026-08-01,56.84,true,TC-TEE-CREW,facebook
TC104165,2026-08-01,84.79,true,TC-TEE-CREW,
TC104166,2026-08-01,64.37,true,TC-TEE-CREW,
TC104167,2026-08-01,65.29,true,TC-TEE-CREW,instagram
TC104168,2026-08-01,61.25,true,TC-TEE-CREW,
TC104169,2026-08-01,61.34,true,TC-TEE-CREW,instagram
TC104170,2026-08-01,82.04,true,TC-TEE-CREW,instagram
TC104171,2026-08-01,54.42,true,TC-TEE-CREW,facebook
TC104172,2026-08-01,55.34,true,TC-TEE-CREW,instagram
TC104173,2026-08-01,89.16,true,TC-TEE-CREW,facebook
TC104174,2026-08-01,80.84,true,TC-TEE-CREW,instagram
TC104175,2026-08-01,58.10,true,TC-TEE-CREW,facebook
TC104176,2026-08-01,85.80,true,TC-TEE-CREW,
TC104177,2026-08-01,90.14,true,TC-TEE-CREW,
TC104178,2026-08-01,73.67,true,TC-TEE-CREW,facebook
TC104179,2026-08-01,65.66,true,TC-TEE-CREW,
TC104180,2026-08-01,57.80,true,TC-TEE-CREW,meta
TC104181,2026-08-01,59.27,true,TC-TEE-CREW,instagram
TC104182,2026-08-01,59.74,true,TC-TEE-CREW,
TC104183,2026-08-01,87.94,true,TC-TEE-CREW,facebook
TC104184,2026-08-01,62.03,true,TC-TEE-CREW,instagram
TC104185,2026-08-01,60.03,true,TC-TEE-CREW,facebook
TC104186,2026-08-01,77.68,true,TC-TEE-CREW,
TC104187,2026-08-01,77.97,true,TC-TEE-CREW,meta
TC104188,2026-08-01,81.34,true,TC-TEE-CREW,meta
TC104189,2026-08-01,70.21,true,TC-TEE-CREW,instagram
TC104190,2026-08-01,72.94,true,TC-TEE-CREW,
TC104191,2026-08-01,64.34,true,TC-TEE-CREW,instagram
TC104192,2026-08-01,55.15,false,TC-TEE-CREW,meta
TC104193,2026-08-01,76.93,false,TC-TEE-CREW,facebook
TC104194,2026-08-01,86.68,false,TC-TEE-CREW,meta
TC104195,2026-08-01,62.81,false,TC-TEE-CREW,facebook
TC104196,2026-08-01,84.16,false,TC-TEE-CREW,
TC104197,2026-08-01,58.34,false,TC-TEE-CREW,instagram
TC104198,2026-08-01,77.91,false,TC-TEE-CREW,
TC104199,2026-08-01,55.79,false,TC-TEE-CREW,instagram
TC104200,2026-08-01,87.27,false,TC-TEE-CREW,facebook
TC104201,2026-08-01,69.53,false,TC-TEE-CREW,instagram
TC104202,2026-08-01,67.14,false,TC-TEE-CREW,meta
TC104203,2026-08-01,75.93,false,TC-TEE-CREW,
TC104204,2026-08-01,69.66,false,TC-TEE-CREW,
TC104205,2026-08-01,70.32,false,TC-TEE-CREW,facebook
TC104206,2026-08-01,195.46,false,TC-TEE-CREW,facebook
TC104207,2026-08-01,83.77,true,TC-TEE-CREW,instagram
TC104208,2026-08-01,77.35,true,TC-TEE-CREW,facebook
TC104209,2026-08-01,65.61,true,TC-TEE-CREW,meta
TC104210,2026-08-01,66.92,true,TC-TEE-CREW,instagram
TC104211,2026-08-01,73.07,true,TC-TEE-CREW,instagram
TC104212,2026-08-01,66.30,true,TC-TEE-CREW,
TC104213,2026-08-01,74.42,true,TC-TEE-CREW,meta
TC104214,2026-08-01,87.73,true,TC-TEE-CREW,facebook
TC104215,2026-08-01,74.55,false,TC-TEE-CREW,meta
TC104216,2026-08-01,77.59,false,TC-TEE-CREW,meta
TC104217,2026-08-01,82.70,false,TC-TEE-CREW,
TC104218,2026-08-01,88.79,false,TC-TEE-CREW,
TC104219,2026-08-01,84.77,false,TC-TEE-CREW,meta
TC104220,2026-08-01,81.23,false,TC-TEE-CREW,facebook
TC104221,2026-08-01,78.32,false,TC-TEE-CREW,meta
TC104222,2026-08-01,87.79,false,TC-TEE-CREW,
TC104223,2026-08-01,64.59,false,TC-TEE-CREW,
TC104224,2026-08-01,87.74,false,TC-TEE-CREW,meta
TC104225,2026-08-01,55.58,false,TC-TEE-CREW,facebook
TC104226,2026-08-01,71.17,false,TC-TEE-CREW,instagram
TC104227,2026-08-01,63.12,false,TC-TEE-CREW,facebook
TC104228,2026-08-01,71.47,false,TC-TEE-CREW,instagram
TC104229,2026-08-01,55.34,false,TC-TEE-CREW,instagram
TC104230,2026-08-01,69.31,false,TC-TEE-CREW,
TC104231,2026-08-01,65.18,false,TC-TEE-CREW,meta
TC104232,2026-08-01,88.93,false,TC-TEE-CREW,
TC104233,2026-08-01,14.56,false,TC-TEE-CREW,meta
TC104234,2026-08-01,62.26,true,TC-TEE-CREW,instagram
TC104235,2026-08-01,73.42,true,TC-TEE-CREW,instagram
TC104236,2026-08-01,53.79,true,TC-TEE-CREW,
TC104237,2026-08-01,73.65,true,TC-TEE-CREW,facebook
TC104238,2026-08-01,76.43,true,TC-TEE-CREW,facebook
TC104239,2026-08-01,53.02,true,TC-TEE-CREW,meta
TC104240,2026-08-01,78.50,true,TC-TEE-CREW,instagram
TC104241,2026-08-01,82.40,true,TC-TEE-CREW,
TC104242,2026-08-01,59.42,true,TC-TEE-CREW,instagram
TC104243,2026-08-01,61.94,true,TC-TEE-CREW,instagram
TC104244,2026-08-01,54.07,true,TC-TEE-CREW,meta
TC104245,2026-08-01,57.88,false,TC-TEE-CREW,facebook
TC104246,2026-08-01,68.22,false,TC-TEE-CREW,facebook
TC104247,2026-08-01,126.31,false,TC-TEE-CREW,meta
TC104248,2026-08-01,91.82,true,TC-UND-BOXER,meta
TC104249,2026-08-01,84.05,true,TC-UND-BOXER,meta
TC104250,2026-08-01,78.68,true,TC-UND-BOXER,
TC104251,2026-08-01,76.19,true,TC-UND-BOXER,instagram
TC104252,2026-08-01,90.64,true,TC-UND-BOXER,
TC104253,2026-08-01,59.94,true,TC-UND-BOXER,
TC104254,2026-08-01,80.43,true,TC-UND-BOXER,meta
TC104255,2026-08-01,30.33,false,TC-UND-BOXER,instagram
TC104256,2026-08-01,77.85,true,TC-MIXED,
TC104257,2026-08-01,62.04,false,TC-MIXED,facebook
TC104258,2026-08-01,77.04,false,TC-MIXED,facebook
TC104259,2026-08-01,82.51,false,TC-MIXED,
TC104260,2026-08-01,71.01,false,TC-UNKNOWN-CLEARANCE,facebook
TC104261,2026-08-01,74.78,false,TC-MIXED,instagram
TC104262,2026-08-01,65.28,false,TC-MIXED,instagram
TC104263,2026-08-01,55.41,false,TC-MIXED,
TC104264,2026-08-01,84.74,false,TC-MIXED,facebook
TC104265,2026-08-01,67.00,false,TC-MIXED,facebook
TC104266,2026-08-01,60.63,false,TC-MIXED,
TC104267,2026-08-01,83.94,false,TC-UNKNOWN-CLEARANCE,facebook
TC104268,2026-08-01,76.75,false,TC-MIXED,instagram
TC104269,2026-08-01,84.40,true,TC-TEE-CREW,
TC104270,2026-08-01,83.04,true,TC-TEE-CREW,google
TC104271,2026-08-01,69.02,true,TC-TEE-CREW,google_ads
TC104272,2026-08-01,80.06,true,TC-TEE-CREW,google
TC104273,2026-08-01,87.90,true,TC-TEE-CREW,cpc
TC104274,2026-08-01,85.40,true,TC-TEE-CREW,cpc
TC104275,2026-08-01,62.47,true,TC-TEE-CREW,google_ads
TC104276,2026-08-01,76.20,true,TC-TEE-CREW,google_ads
TC104277,2026-08-01,86.60,true,TC-TEE-CREW,google_ads
TC104278,2026-08-01,74.96,true,TC-TEE-CREW,
TC104279,2026-08-01,75.11,true,TC-TEE-CREW,google
TC104280,2026-08-01,86.62,true,TC-TEE-CREW,google
TC104281,2026-08-01,61.38,true,TC-TEE-CREW,google_ads
TC104282,2026-08-01,77.35,true,TC-TEE-CREW,cpc
TC104283,2026-08-01,69.07,true,TC-TEE-CREW,google_ads
TC104284,2026-08-01,66.06,true,TC-TEE-CREW,cpc
TC104285,2026-08-01,89.25,true,TC-TEE-CREW,google
TC104286,2026-08-01,56.77,true,TC-TEE-CREW,google_ads
TC104287,2026-08-01,62.49,true,TC-TEE-CREW,google_ads
TC104288,2026-08-01,63.46,true,TC-TEE-CREW,google
TC104289,2026-08-01,72.47,true,TC-TEE-CREW,google_ads
TC104290,2026-08-01,63.67,true,TC-TEE-CREW,
TC104291,2026-08-01,72.97,true,TC-TEE-CREW,google_ads
TC104292,2026-08-01,60.48,true,TC-TEE-CREW,cpc
TC104293,2026-08-01,76.83,true,TC-TEE-CREW,cpc
TC104294,2026-08-01,89.02,true,TC-TEE-CREW,google
TC104295,2026-08-01,56.52,true,TC-TEE-CREW,
TC104296,2026-08-01,58.24,true,TC-TEE-CREW,google
TC104297,2026-08-01,87.85,true,TC-TEE-CREW,cpc
TC104298,2026-08-01,58.58,true,TC-TEE-CREW,google_ads
TC104299,2026-08-01,58.59,true,TC-TEE-CREW,google
TC104300,2026-08-01,87.35,true,TC-TEE-CREW,google
TC104301,2026-08-01,87.34,true,TC-TEE-CREW,google_ads
TC104302,2026-08-01,75.32,true,TC-TEE-CREW,google_ads
TC104303,2026-08-01,71.78,true,TC-TEE-CREW,cpc
TC104304,2026-08-01,68.94,true,TC-TEE-CREW,
TC104305,2026-08-01,89.37,true,TC-TEE-CREW,google_ads
TC104306,2026-08-01,79.64,true,TC-TEE-CREW,
TC104307,2026-08-01,69.54,true,TC-TEE-CREW,cpc
TC104308,2026-08-01,68.44,true,TC-TEE-CREW,cpc
TC104309,2026-08-01,63.39,true,TC-TEE-CREW,
TC104310,2026-08-01,82.83,true,TC-TEE-CREW,
TC104311,2026-08-01,71.45,false,TC-TEE-CREW,cpc
TC104312,2026-08-01,75.39,false,TC-TEE-CREW,google
TC104313,2026-08-01,69.51,false,TC-TEE-CREW,
TC104314,2026-08-01,70.98,false,TC-TEE-CREW,google
TC104315,2026-08-01,59.64,false,TC-TEE-CREW,google_ads
TC104316,2026-08-01,67.61,false,TC-TEE-CREW,google
TC104317,2026-08-01,64.27,false,TC-TEE-CREW,google
TC104318,2026-08-01,84.99,false,TC-TEE-CREW,cpc
TC104319,2026-08-01,71.09,false,TC-TEE-CREW,google_ads
TC104320,2026-08-01,70.89,false,TC-TEE-CREW,google
TC104321,2026-08-01,63.00,false,TC-TEE-CREW,
TC104322,2026-08-01,79.35,false,TC-TEE-CREW,
TC104323,2026-08-01,68.95,false,TC-TEE-CREW,cpc
TC104324,2026-08-01,69.68,false,TC-TEE-CREW,
TC104325,2026-08-01,80.97,false,TC-TEE-CREW,
TC104326,2026-08-01,65.33,false,TC-TEE-CREW,google_ads
TC104327,2026-08-01,61.94,false,TC-TEE-CREW,
TC104328,2026-08-01,57.72,false,TC-TEE-CREW,google_ads
TC104329,2026-08-01,70.10,false,TC-TEE-CREW,cpc
TC104330,2026-08-01,69.06,false,TC-TEE-CREW,google
TC104331,2026-08-01,74.87,false,TC-TEE-CREW,google_ads
TC104332,2026-08-01,84.20,false,TC-TEE-CREW,google
TC104333,2026-08-01,67.71,false,TC-TEE-CREW,cpc
TC104334,2026-08-01,85.15,false,TC-TEE-CREW,cpc
TC104335,2026-08-01,78.60,false,TC-TEE-CREW,google_ads
TC104336,2026-08-01,78.68,false,TC-TEE-CREW,
TC104337,2026-08-01,88.14,false,TC-TEE-CREW,google_ads
TC104338,2026-08-01,61.88,false,TC-TEE-CREW,cpc
TC104339,2026-08-01,59.78,false,TC-TEE-CREW,google_ads
TC104340,2026-08-01,68.77,false,TC-TEE-CREW,google
TC104341,2026-08-01,81.90,false,TC-TEE-CREW,
TC104342,2026-08-01,62.39,false,TC-TEE-CREW,cpc
TC104343,2026-08-01,86.22,false,TC-TEE-CREW,google
TC104344,2026-08-01,68.21,false,TC-TEE-CREW,google
TC104345,2026-08-01,70.99,false,TC-TEE-CREW,cpc
TC104346,2026-08-01,60.34,false,TC-TEE-CREW,
TC104347,2026-08-01,78.77,false,TC-TEE-CREW,google
TC104348,2026-08-01,32.00,false,TC-TEE-CREW,google_ads
TC104349,2026-08-01,71.92,true,TC-TEE-CREW,google
TC104350,2026-08-01,61.20,true,TC-TEE-CREW,google
TC104351,2026-08-01,66.68,true,TC-TEE-CREW,
TC104352,2026-08-01,72.93,true,TC-TEE-CREW,google_ads
TC104353,2026-08-01,71.82,true,TC-TEE-CREW,google_ads
TC104354,2026-08-01,57.55,true,TC-TEE-CREW,cpc
TC104355,2026-08-01,67.05,true,TC-TEE-CREW,cpc
TC104356,2026-08-01,85.08,true,TC-TEE-CREW,google_ads
TC104357,2026-08-01,55.64,true,TC-TEE-CREW,cpc
TC104358,2026-08-01,64.41,true,TC-TEE-CREW,cpc
TC104359,2026-08-01,65.64,true,TC-TEE-CREW,google_ads
TC104360,2026-08-01,73.57,true,TC-TEE-CREW,google
TC104361,2026-08-01,60.20,true,TC-TEE-CREW,cpc
TC104362,2026-08-01,71.56,true,TC-TEE-CREW,google_ads
TC104363,2026-08-01,84.54,true,TC-TEE-CREW,
TC104364,2026-08-01,66.91,true,TC-TEE-CREW,google
TC104365,2026-08-01,58.37,true,TC-TEE-CREW,cpc
TC104366,2026-08-01,70.90,true,TC-TEE-CREW,google_ads
TC104367,2026-08-01,82.11,true,TC-TEE-CREW,
TC104368,2026-08-01,81.90,true,TC-TEE-CREW,google_ads
TC104369,2026-08-01,88.98,false,TC-TEE-CREW,cpc
TC104370,2026-08-01,77.22,false,TC-TEE-CREW,google
TC104371,2026-08-01,71.63,false,TC-TEE-CREW,
TC104372,2026-08-01,79.02,false,TC-TEE-CREW,cpc
TC104373,2026-08-01,94.69,false,TC-TEE-CREW,cpc
TC104374,2026-08-01,79.80,true,TC-SHIRT-OXFORD,google
TC104375,2026-08-01,70.49,true,TC-SHIRT-OXFORD,cpc
TC104376,2026-08-01,74.07,true,TC-SHIRT-OXFORD,cpc
TC104377,2026-08-01,57.83,true,TC-SHIRT-OXFORD,google
TC104378,2026-08-01,55.77,true,TC-SHIRT-OXFORD,google_ads
TC104379,2026-08-01,64.03,true,TC-SHIRT-OXFORD,cpc
TC104380,2026-08-01,61.05,true,TC-SHIRT-OXFORD,google
TC104381,2026-08-01,60.40,true,TC-SHIRT-OXFORD,google_ads
TC104382,2026-08-01,54.97,true,TC-SHIRT-OXFORD,cpc
TC104383,2026-08-01,58.35,false,TC-SHIRT-OXFORD,google_ads
TC104384,2026-08-01,88.08,false,TC-SHIRT-OXFORD,cpc
TC104385,2026-08-01,68.30,false,TC-SHIRT-OXFORD,google_ads
TC104386,2026-08-01,75.19,false,TC-SHIRT-OXFORD,google_ads
TC104387,2026-08-01,77.44,false,TC-SHIRT-OXFORD,cpc
TC104388,2026-08-01,56.13,false,TC-SHIRT-OXFORD,
TC104389,2026-08-01,80.61,false,TC-SHIRT-OXFORD,cpc
TC104390,2026-08-01,76.46,false,TC-SHIRT-OXFORD,google_ads
TC104391,2026-08-01,119.25,false,TC-SHIRT-OXFORD,cpc
TC104392,2026-08-01,86.55,true,TC-TEE-CREW,
TC104393,2026-08-01,82.40,true,TC-TEE-CREW,
TC104394,2026-08-01,81.99,true,TC-TEE-CREW,google
TC104395,2026-08-01,74.84,true,TC-TEE-CREW,google_ads
TC104396,2026-08-01,80.96,true,TC-TEE-CREW,google_ads
TC104397,2026-08-01,77.20,true,TC-TEE-CREW,google_ads
TC104398,2026-08-01,62.98,true,TC-TEE-CREW,cpc
TC104399,2026-08-01,78.91,true,TC-TEE-CREW,google_ads
TC104400,2026-08-01,89.08,true,TC-TEE-CREW,cpc
TC104401,2026-08-01,64.57,true,TC-TEE-CREW,google_ads
TC104402,2026-08-01,73.68,true,TC-TEE-CREW,cpc
TC104403,2026-08-01,81.48,true,TC-TEE-CREW,google_ads
TC104404,2026-08-01,78.58,true,TC-TEE-CREW,google
TC104405,2026-08-01,74.16,true,TC-TEE-CREW,google
TC104406,2026-08-01,66.10,true,TC-TEE-CREW,google
TC104407,2026-08-01,76.50,true,TC-TEE-CREW,cpc
TC104408,2026-08-01,54.54,true,TC-TEE-CREW,
TC104409,2026-08-01,69.36,true,TC-TEE-CREW,google
TC104410,2026-08-01,82.99,true,TC-TEE-CREW,google_ads
TC104411,2026-08-01,57.94,true,TC-TEE-CREW,
TC104412,2026-08-01,61.06,true,TC-TEE-CREW,google_ads
TC104413,2026-08-01,74.29,true,TC-TEE-CREW,google
TC104414,2026-08-01,67.36,true,TC-TEE-CREW,google_ads
TC104415,2026-08-01,81.25,true,TC-TEE-CREW,google
TC104416,2026-08-01,87.85,true,TC-TEE-CREW,google
TC104417,2026-08-01,61.20,true,TC-TEE-CREW,google
TC104418,2026-08-01,83.16,true,TC-TEE-CREW,
TC104419,2026-08-01,85.31,false,TC-TEE-CREW,cpc
TC104420,2026-08-01,62.83,false,TC-TEE-CREW,cpc
TC104421,2026-08-01,68.40,false,TC-TEE-CREW,cpc
TC104422,2026-08-01,79.64,false,TC-TEE-CREW,google
TC104423,2026-08-01,89.37,false,TC-TEE-CREW,
TC104424,2026-08-01,75.00,false,TC-TEE-CREW,google
TC104425,2026-08-01,78.70,false,TC-TEE-CREW,google_ads
TC104426,2026-08-01,46.95,false,TC-TEE-CREW,
TC104427,2026-08-01,5.22,false,TC-TEE-CREW,cpc
TC104428,2026-08-02,63.34,true,TC-TEE-CREW,instagram
TC104429,2026-08-02,56.27,true,TC-TEE-CREW,facebook
TC104430,2026-08-02,80.79,true,TC-TEE-CREW,
TC104431,2026-08-02,84.44,true,TC-TEE-CREW,
TC104432,2026-08-02,68.82,true,TC-TEE-CREW,facebook
TC104433,2026-08-02,70.39,true,TC-TEE-CREW,instagram
TC104434,2026-08-02,88.63,true,TC-TEE-CREW,facebook
TC104435,2026-08-02,76.28,true,TC-TEE-CREW,
TC104436,2026-08-02,87.72,true,TC-TEE-CREW,instagram
TC104437,2026-08-02,70.63,true,TC-TEE-CREW,facebook
TC104438,2026-08-02,59.72,true,TC-TEE-CREW,facebook
TC104439,2026-08-02,84.32,true,TC-TEE-CREW,meta
TC104440,2026-08-02,68.27,true,TC-TEE-CREW,instagram
TC104441,2026-08-02,70.72,true,TC-TEE-CREW,meta
TC104442,2026-08-02,62.11,true,TC-TEE-CREW,facebook
TC104443,2026-08-02,70.54,true,TC-TEE-CREW,facebook
TC104444,2026-08-02,72.84,true,TC-TEE-CREW,
TC104445,2026-08-02,78.54,true,TC-TEE-CREW,facebook
TC104446,2026-08-02,75.85,true,TC-TEE-CREW,meta
TC104447,2026-08-02,69.04,true,TC-TEE-CREW,facebook
TC104448,2026-08-02,70.11,true,TC-TEE-CREW,instagram
TC104449,2026-08-02,80.26,true,TC-TEE-CREW,meta
TC104450,2026-08-02,88.26,true,TC-TEE-CREW,facebook
TC104451,2026-08-02,60.11,true,TC-TEE-CREW,meta
TC104452,2026-08-02,82.03,true,TC-TEE-CREW,
TC104453,2026-08-02,55.89,true,TC-TEE-CREW,instagram
TC104454,2026-08-02,77.01,true,TC-TEE-CREW,
TC104455,2026-08-02,55.44,true,TC-TEE-CREW,facebook
TC104456,2026-08-02,74.77,true,TC-TEE-CREW,instagram
TC104457,2026-08-02,62.23,true,TC-TEE-CREW,
TC104458,2026-08-02,60.43,true,TC-TEE-CREW,meta
TC104459,2026-08-02,71.04,true,TC-TEE-CREW,facebook
TC104460,2026-08-02,60.71,true,TC-TEE-CREW,
TC104461,2026-08-02,59.86,true,TC-TEE-CREW,
TC104462,2026-08-02,71.61,true,TC-TEE-CREW,facebook
TC104463,2026-08-02,59.73,true,TC-TEE-CREW,meta
TC104464,2026-08-02,88.24,true,TC-TEE-CREW,meta
TC104465,2026-08-02,58.92,true,TC-TEE-CREW,facebook
TC104466,2026-08-02,56.03,true,TC-TEE-CREW,
TC104467,2026-08-02,54.69,true,TC-TEE-CREW,
TC104468,2026-08-02,83.31,true,TC-TEE-CREW,
TC104469,2026-08-02,80.80,true,TC-TEE-CREW,facebook
TC104470,2026-08-02,88.16,false,TC-TEE-CREW,meta
TC104471,2026-08-02,57.07,false,TC-TEE-CREW,facebook
TC104472,2026-08-02,81.65,false,TC-TEE-CREW,instagram
TC104473,2026-08-02,79.44,false,TC-TEE-CREW,instagram
TC104474,2026-08-02,80.53,false,TC-TEE-CREW,
TC104475,2026-08-02,62.79,false,TC-TEE-CREW,
TC104476,2026-08-02,61.41,false,TC-TEE-CREW,meta
TC104477,2026-08-02,73.61,false,TC-TEE-CREW,facebook
TC104478,2026-08-02,63.09,false,TC-TEE-CREW,facebook
TC104479,2026-08-02,84.86,false,TC-TEE-CREW,instagram
TC104480,2026-08-02,58.60,false,TC-TEE-CREW,
TC104481,2026-08-02,59.27,false,TC-TEE-CREW,facebook
TC104482,2026-08-02,63.00,false,TC-TEE-CREW,instagram
TC104483,2026-08-02,63.39,false,TC-TEE-CREW,
TC104484,2026-08-02,62.57,false,TC-TEE-CREW,meta
TC104485,2026-08-02,157.05,false,TC-TEE-CREW,facebook
TC104486,2026-08-02,55.92,true,TC-TEE-CREW,
TC104487,2026-08-02,73.73,true,TC-TEE-CREW,facebook
TC104488,2026-08-02,72.88,true,TC-TEE-CREW,
TC104489,2026-08-02,76.25,true,TC-TEE-CREW,instagram
TC104490,2026-08-02,80.99,false,TC-TEE-CREW,instagram
TC104491,2026-08-02,60.81,false,TC-TEE-CREW,meta
TC104492,2026-08-02,74.17,false,TC-TEE-CREW,facebook
TC104493,2026-08-02,59.33,false,TC-TEE-CREW,facebook
TC104494,2026-08-02,65.35,false,TC-TEE-CREW,meta
TC104495,2026-08-02,71.12,false,TC-TEE-CREW,facebook
TC104496,2026-08-02,89.28,false,TC-TEE-CREW,meta
TC104497,2026-08-02,58.18,false,TC-TEE-CREW,instagram
TC104498,2026-08-02,54.81,false,TC-TEE-CREW,instagram
TC104499,2026-08-02,80.61,false,TC-TEE-CREW,meta
TC104500,2026-08-02,77.83,false,TC-TEE-CREW,meta
TC104501,2026-08-02,66.13,false,TC-TEE-CREW,instagram
TC104502,2026-08-02,88.36,false,TC-TEE-CREW,instagram
TC104503,2026-08-02,72.01,false,TC-TEE-CREW,facebook
TC104504,2026-08-02,70.70,false,TC-TEE-CREW,instagram
TC104505,2026-08-02,60.78,false,TC-TEE-CREW,instagram
TC104506,2026-08-02,57.55,false,TC-TEE-CREW,instagram
TC104507,2026-08-02,134.02,false,TC-TEE-CREW,
TC104508,2026-08-02,77.16,true,TC-TEE-CREW,instagram
TC104509,2026-08-02,73.81,true,TC-TEE-CREW,meta
TC104510,2026-08-02,66.02,true,TC-TEE-CREW,
TC104511,2026-08-02,81.74,true,TC-TEE-CREW,facebook
TC104512,2026-08-02,88.14,true,TC-TEE-CREW,
TC104513,2026-08-02,78.98,true,TC-TEE-CREW,
TC104514,2026-08-02,91.04,true,TC-TEE-CREW,instagram
TC104515,2026-08-02,80.26,true,TC-TEE-CREW,
TC104516,2026-08-02,88.53,true,TC-TEE-CREW,
TC104517,2026-08-02,68.89,false,TC-TEE-CREW,instagram
TC104518,2026-08-02,18.31,false,TC-TEE-CREW,facebook
TC104519,2026-08-02,79.07,true,TC-UND-BOXER,facebook
TC104520,2026-08-02,87.80,true,TC-UND-BOXER,instagram
TC104521,2026-08-02,53.98,true,TC-UND-BOXER,facebook
TC104522,2026-08-02,65.75,true,TC-UND-BOXER,instagram
TC104523,2026-08-02,80.31,true,TC-UND-BOXER,meta
TC104524,2026-08-02,71.59,true,TC-UND-BOXER,facebook
TC104525,2026-08-02,67.03,false,TC-UND-BOXER,facebook
TC104526,2026-08-02,62.00,false,TC-UND-BOXER,
TC104527,2026-08-02,85.05,true,TC-MIXED,instagram
TC104528,2026-08-02,83.34,true,TC-MIXED,instagram
TC104529,2026-08-02,81.15,false,TC-MIXED,facebook
TC104530,2026-08-02,62.33,false,TC-MIXED,meta
TC104531,2026-08-02,57.37,false,TC-MIXED,
TC104532,2026-08-02,65.91,false,TC-MIXED,
TC104533,2026-08-02,88.98,false,TC-MIXED,facebook
TC104534,2026-08-02,75.05,false,TC-MIXED,instagram
TC104535,2026-08-02,80.45,false,TC-MIXED,
TC104536,2026-08-02,77.84,false,TC-MIXED,meta
TC104537,2026-08-02,70.99,false,TC-MIXED,facebook
TC104538,2026-08-02,84.05,false,TC-MIXED,facebook
TC104539,2026-08-02,40.12,false,TC-MIXED,facebook
TC104540,2026-08-02,87.64,true,TC-TEE-CREW,google_ads
TC104541,2026-08-02,65.40,true,TC-TEE-CREW,cpc
TC104542,2026-08-02,68.35,true,TC-TEE-CREW,cpc
TC104543,2026-08-02,60.38,true,TC-TEE-CREW,cpc
TC104544,2026-08-02,56.14,true,TC-TEE-CREW,cpc
TC104545,2026-08-02,62.72,true,TC-TEE-CREW,
TC104546,2026-08-02,69.37,true,TC-TEE-CREW,google_ads
TC104547,2026-08-02,67.79,true,TC-TEE-CREW,cpc
TC104548,2026-08-02,54.83,true,TC-TEE-CREW,google
TC104549,2026-08-02,84.04,true,TC-TEE-CREW,google
TC104550,2026-08-02,79.55,true,TC-TEE-CREW,google
TC104551,2026-08-02,87.64,true,TC-TEE-CREW,google_ads
TC104552,2026-08-02,54.62,true,TC-TEE-CREW,google
TC104553,2026-08-02,82.50,true,TC-TEE-CREW,google
TC104554,2026-08-02,61.91,true,TC-TEE-CREW,cpc
TC104555,2026-08-02,77.09,true,TC-TEE-CREW,
TC104556,2026-08-02,85.65,true,TC-TEE-CREW,google_ads
TC104557,2026-08-02,57.22,true,TC-TEE-CREW,google
TC104558,2026-08-02,76.58,true,TC-TEE-CREW,google
TC104559,2026-08-02,87.75,true,TC-TEE-CREW,google
TC104560,2026-08-02,79.76,true,TC-TEE-CREW,
TC104561,2026-08-02,86.56,true,TC-TEE-CREW,google
TC104562,2026-08-02,67.45,true,TC-TEE-CREW,google_ads
TC104563,2026-08-02,82.41,true,TC-TEE-CREW,google_ads
TC104564,2026-08-02,65.69,true,TC-TEE-CREW,cpc
TC104565,2026-08-02,71.31,true,TC-TEE-CREW,cpc
TC104566,2026-08-02,73.01,false,TC-TEE-CREW,google_ads
TC104567,2026-08-02,68.91,false,TC-TEE-CREW,cpc
TC104568,2026-08-02,74.07,false,TC-TEE-CREW,google_ads
TC104569,2026-08-02,80.56,false,TC-TEE-CREW,google_ads
TC104570,2026-08-02,75.50,false,TC-TEE-CREW,google
TC104571,2026-08-02,86.58,false,TC-TEE-CREW,cpc
TC104572,2026-08-02,73.62,false,TC-TEE-CREW,google_ads
TC104573,2026-08-02,85.90,false,TC-TEE-CREW,
TC104574,2026-08-02,59.97,false,TC-TEE-CREW,google
TC104575,2026-08-02,81.10,false,TC-TEE-CREW,google_ads
TC104576,2026-08-02,81.57,false,TC-TEE-CREW,
TC104577,2026-08-02,84.06,false,TC-TEE-CREW,google_ads
TC104578,2026-08-02,68.80,false,TC-TEE-CREW,cpc
TC104579,2026-08-02,60.60,false,TC-TEE-CREW,google
TC104580,2026-08-02,55.18,false,TC-TEE-CREW,cpc
TC104581,2026-08-02,72.22,false,TC-TEE-CREW,
TC104582,2026-08-02,73.20,false,TC-TEE-CREW,cpc
TC104583,2026-08-02,68.76,false,TC-TEE-CREW,
TC104584,2026-08-02,64.70,false,TC-TEE-CREW,
TC104585,2026-08-02,54.57,false,TC-TEE-CREW,
TC104586,2026-08-02,54.57,false,TC-TEE-CREW,
TC104587,2026-08-02,81.97,false,TC-TEE-CREW,
TC104588,2026-08-02,68.79,false,TC-TEE-CREW,google_ads
TC104589,2026-08-02,80.13,false,TC-TEE-CREW,google
TC104590,2026-08-02,81.37,false,TC-TEE-CREW,cpc
TC104591,2026-08-02,80.62,false,TC-TEE-CREW,cpc
TC104592,2026-08-02,78.51,false,TC-TEE-CREW,google_ads
TC104593,2026-08-02,61.75,false,TC-TEE-CREW,cpc
TC104594,2026-08-02,60.07,false,TC-TEE-CREW,cpc
TC104595,2026-08-02,80.23,false,TC-TEE-CREW,google_ads
TC104596,2026-08-02,66.75,false,TC-TEE-CREW,google
TC104597,2026-08-02,55.06,false,TC-TEE-CREW,google
TC104598,2026-08-02,88.83,false,TC-TEE-CREW,cpc
TC104599,2026-08-02,86.64,false,TC-TEE-CREW,cpc
TC104600,2026-08-02,87.54,false,TC-TEE-CREW,google
TC104601,2026-08-02,68.56,false,TC-TEE-CREW,cpc
TC104602,2026-08-02,56.66,false,TC-TEE-CREW,cpc
TC104603,2026-08-02,11.33,false,TC-TEE-CREW,
TC104604,2026-08-02,78.58,true,TC-TEE-CREW,google_ads
TC104605,2026-08-02,83.89,true,TC-TEE-CREW,
TC104606,2026-08-02,65.96,true,TC-TEE-CREW,google
TC104607,2026-08-02,56.88,true,TC-TEE-CREW,
TC104608,2026-08-02,68.09,true,TC-TEE-CREW,google_ads
TC104609,2026-08-02,65.30,true,TC-TEE-CREW,google_ads
TC104610,2026-08-02,84.73,true,TC-TEE-CREW,google_ads
TC104611,2026-08-02,66.68,true,TC-TEE-CREW,google_ads
TC104612,2026-08-02,64.34,true,TC-TEE-CREW,
TC104613,2026-08-02,76.50,true,TC-TEE-CREW,google_ads
TC104614,2026-08-02,81.02,true,TC-TEE-CREW,google
TC104615,2026-08-02,69.59,true,TC-TEE-CREW,cpc
TC104616,2026-08-02,73.68,true,TC-TEE-CREW,cpc
TC104617,2026-08-02,81.94,true,TC-TEE-CREW,
TC104618,2026-08-02,77.39,true,TC-TEE-CREW,google_ads
TC104619,2026-08-02,66.37,true,TC-TEE-CREW,google
TC104620,2026-08-02,59.66,true,TC-TEE-CREW,google
TC104621,2026-08-02,81.36,true,TC-TEE-CREW,cpc
TC104622,2026-08-02,75.74,true,TC-TEE-CREW,google
TC104623,2026-08-02,78.62,true,TC-TEE-CREW,google_ads
TC104624,2026-08-02,71.60,true,TC-TEE-CREW,google_ads
TC104625,2026-08-02,84.36,true,TC-TEE-CREW,google
TC104626,2026-08-02,84.66,false,TC-TEE-CREW,google
TC104627,2026-08-02,76.19,false,TC-TEE-CREW,cpc
TC104628,2026-08-02,62.88,false,TC-TEE-CREW,google
TC104629,2026-08-02,62.46,false,TC-TEE-CREW,google
TC104630,2026-08-02,88.43,false,TC-TEE-CREW,
TC104631,2026-08-02,61.88,false,TC-TEE-CREW,
TC104632,2026-08-02,82.51,false,TC-TEE-CREW,google
TC104633,2026-08-02,27.58,false,TC-TEE-CREW,google
TC104634,2026-08-02,83.93,true,TC-SHIRT-OXFORD,google_ads
TC104635,2026-08-02,69.45,true,TC-SHIRT-OXFORD,google
TC104636,2026-08-02,54.88,true,TC-SHIRT-OXFORD,
TC104637,2026-08-02,57.05,true,TC-SHIRT-OXFORD,google
TC104638,2026-08-02,82.65,true,TC-SHIRT-OXFORD,google
TC104639,2026-08-02,57.25,true,TC-SHIRT-OXFORD,google
TC104640,2026-08-02,82.30,true,TC-SHIRT-OXFORD,cpc
TC104641,2026-08-02,68.54,true,TC-SHIRT-OXFORD,
TC104642,2026-08-02,59.34,true,TC-SHIRT-OXFORD,google_ads
TC104643,2026-08-02,74.11,true,TC-SHIRT-OXFORD,cpc
TC104644,2026-08-02,87.64,true,TC-SHIRT-OXFORD,
TC104645,2026-08-02,63.03,false,TC-SHIRT-OXFORD,
TC104646,2026-08-02,89.47,false,TC-SHIRT-OXFORD,cpc
TC104647,2026-08-02,85.24,false,TC-SHIRT-OXFORD,google_ads
TC104648,2026-08-02,56.88,false,TC-SHIRT-OXFORD,
TC104649,2026-08-02,68.53,false,TC-SHIRT-OXFORD,
TC104650,2026-08-02,72.89,false,TC-SHIRT-OXFORD,cpc
TC104651,2026-08-02,81.94,false,TC-SHIRT-OXFORD,cpc
TC104652,2026-08-02,86.19,false,TC-SHIRT-OXFORD,cpc
TC104653,2026-08-02,88.33,false,TC-SHIRT-OXFORD,
TC104654,2026-08-02,60.73,false,TC-SHIRT-OXFORD,cpc
TC104655,2026-08-02,87.05,false,TC-SHIRT-OXFORD,cpc
TC104656,2026-08-02,42.64,false,TC-SHIRT-OXFORD,google
TC104657,2026-08-02,77.96,true,TC-TEE-CREW,
TC104658,2026-08-02,88.28,true,TC-TEE-CREW,cpc
TC104659,2026-08-02,74.45,true,TC-TEE-CREW,
TC104660,2026-08-02,87.11,true,TC-TEE-CREW,google_ads
TC104661,2026-08-02,69.49,true,TC-TEE-CREW,cpc
TC104662,2026-08-02,80.97,true,TC-TEE-CREW,
TC104663,2026-08-02,80.56,true,TC-TEE-CREW,
TC104664,2026-08-02,88.82,true,TC-TEE-CREW,
TC104665,2026-08-02,61.45,true,TC-TEE-CREW,google
TC104666,2026-08-02,88.08,true,TC-TEE-CREW,cpc
TC104667,2026-08-02,74.79,true,TC-TEE-CREW,
TC104668,2026-08-02,86.52,true,TC-TEE-CREW,google
TC104669,2026-08-02,80.51,true,TC-TEE-CREW,google_ads
TC104670,2026-08-02,68.94,true,TC-TEE-CREW,
TC104671,2026-08-02,86.43,true,TC-TEE-CREW,google
TC104672,2026-08-02,54.90,true,TC-TEE-CREW,
TC104673,2026-08-02,64.71,true,TC-TEE-CREW,cpc
TC104674,2026-08-02,55.91,true,TC-TEE-CREW,cpc
TC104675,2026-08-02,58.07,true,TC-TEE-CREW,google_ads
TC104676,2026-08-02,60.87,true,TC-TEE-CREW,google_ads
TC104677,2026-08-02,58.60,true,TC-TEE-CREW,cpc
TC104678,2026-08-02,88.78,true,TC-TEE-CREW,google_ads
TC104679,2026-08-02,83.14,true,TC-TEE-CREW,google
TC104680,2026-08-02,79.44,true,TC-TEE-CREW,
TC104681,2026-08-02,63.67,true,TC-TEE-CREW,google_ads
TC104682,2026-08-02,55.17,true,TC-TEE-CREW,google
TC104683,2026-08-02,84.19,true,TC-TEE-CREW,google
TC104684,2026-08-02,73.48,true,TC-TEE-CREW,google
TC104685,2026-08-02,81.34,false,TC-TEE-CREW,
TC104686,2026-08-02,81.48,false,TC-TEE-CREW,google_ads
TC104687,2026-08-02,48.19,false,TC-TEE-CREW,google_ads
TC104688,2026-08-02,5.35,false,TC-TEE-CREW,
TC104689,2026-08-03,84.74,true,TC-TEE-CREW,facebook
TC104690,2026-08-03,88.50,true,TC-TEE-CREW,meta
TC104691,2026-08-03,78.37,true,TC-TEE-CREW,facebook
TC104692,2026-08-03,88.32,true,TC-TEE-CREW,instagram
TC104693,2026-08-03,54.46,true,TC-TEE-CREW,
TC104694,2026-08-03,71.59,true,TC-TEE-CREW,
TC104695,2026-08-03,69.88,true,TC-TEE-CREW,instagram
TC104696,2026-08-03,68.81,true,TC-TEE-CREW,
TC104697,2026-08-03,61.18,true,TC-TEE-CREW,instagram
TC104698,2026-08-03,71.39,true,TC-TEE-CREW,facebook
TC104699,2026-08-03,62.53,true,TC-TEE-CREW,facebook
TC104700,2026-08-03,63.30,true,TC-TEE-CREW,
TC104701,2026-08-03,77.96,true,TC-TEE-CREW,meta
TC104702,2026-08-03,56.17,true,TC-TEE-CREW,instagram
TC104703,2026-08-03,84.97,true,TC-TEE-CREW,facebook
TC104704,2026-08-03,54.27,true,TC-TEE-CREW,instagram
TC104705,2026-08-03,86.99,true,TC-TEE-CREW,meta
TC104706,2026-08-03,74.75,true,TC-TEE-CREW,instagram
TC104707,2026-08-03,78.53,true,TC-TEE-CREW,instagram
TC104708,2026-08-03,77.62,true,TC-TEE-CREW,
TC104709,2026-08-03,56.89,true,TC-TEE-CREW,instagram
TC104710,2026-08-03,74.84,true,TC-TEE-CREW,
TC104711,2026-08-03,88.69,true,TC-TEE-CREW,
TC104712,2026-08-03,56.79,true,TC-TEE-CREW,instagram
TC104713,2026-08-03,59.82,true,TC-TEE-CREW,instagram
TC104714,2026-08-03,77.60,true,TC-TEE-CREW,facebook
TC104715,2026-08-03,55.28,true,TC-TEE-CREW,meta
TC104716,2026-08-03,65.30,true,TC-TEE-CREW,
TC104717,2026-08-03,59.39,true,TC-TEE-CREW,meta
TC104718,2026-08-03,59.20,true,TC-TEE-CREW,meta
TC104719,2026-08-03,67.12,true,TC-TEE-CREW,
TC104720,2026-08-03,79.70,true,TC-TEE-CREW,
TC104721,2026-08-03,54.82,true,TC-TEE-CREW,
TC104722,2026-08-03,80.26,true,TC-TEE-CREW,instagram
TC104723,2026-08-03,71.02,true,TC-TEE-CREW,facebook
TC104724,2026-08-03,88.80,true,TC-TEE-CREW,facebook
TC104725,2026-08-03,76.30,true,TC-TEE-CREW,meta
TC104726,2026-08-03,86.22,true,TC-TEE-CREW,facebook
TC104727,2026-08-03,81.29,true,TC-TEE-CREW,instagram
TC104728,2026-08-03,90.16,true,TC-TEE-CREW,instagram
TC104729,2026-08-03,67.58,true,TC-TEE-CREW,instagram
TC104730,2026-08-03,63.85,true,TC-TEE-CREW,meta
TC104731,2026-08-03,60.16,true,TC-TEE-CREW,
TC104732,2026-08-03,82.02,false,TC-TEE-CREW,
TC104733,2026-08-03,88.79,false,TC-TEE-CREW,facebook
TC104734,2026-08-03,85.12,false,TC-TEE-CREW,
TC104735,2026-08-03,82.19,false,TC-TEE-CREW,
TC104736,2026-08-03,86.85,false,TC-TEE-CREW,
TC104737,2026-08-03,81.78,false,TC-TEE-CREW,
TC104738,2026-08-03,57.88,false,TC-TEE-CREW,
TC104739,2026-08-03,61.33,false,TC-TEE-CREW,meta
TC104740,2026-08-03,62.17,false,TC-TEE-CREW,
TC104741,2026-08-03,63.90,false,TC-TEE-CREW,facebook
TC104742,2026-08-03,85.38,false,TC-TEE-CREW,
TC104743,2026-08-03,86.72,false,TC-TEE-CREW,
TC104744,2026-08-03,59.35,false,TC-TEE-CREW,instagram
TC104745,2026-08-03,64.70,false,TC-TEE-CREW,
TC104746,2026-08-03,63.61,false,TC-TEE-CREW,facebook
TC104747,2026-08-03,70.11,false,TC-TEE-CREW,instagram
TC104748,2026-08-03,82.12,true,TC-TEE-CREW,
TC104749,2026-08-03,59.53,true,TC-TEE-CREW,facebook
TC104750,2026-08-03,69.94,true,TC-TEE-CREW,instagram
TC104751,2026-08-03,58.69,true,TC-TEE-CREW,instagram
TC104752,2026-08-03,87.38,true,TC-TEE-CREW,facebook
TC104753,2026-08-03,62.68,false,TC-TEE-CREW,instagram
TC104754,2026-08-03,74.07,false,TC-TEE-CREW,
TC104755,2026-08-03,69.55,false,TC-TEE-CREW,facebook
TC104756,2026-08-03,83.74,false,TC-TEE-CREW,
TC104757,2026-08-03,67.83,false,TC-TEE-CREW,instagram
TC104758,2026-08-03,82.05,false,TC-TEE-CREW,instagram
TC104759,2026-08-03,57.38,false,TC-TEE-CREW,meta
TC104760,2026-08-03,74.99,false,TC-TEE-CREW,instagram
TC104761,2026-08-03,78.21,false,TC-TEE-CREW,facebook
TC104762,2026-08-03,79.30,false,TC-TEE-CREW,facebook
TC104763,2026-08-03,71.97,false,TC-TEE-CREW,meta
TC104764,2026-08-03,72.43,false,TC-TEE-CREW,facebook
TC104765,2026-08-03,62.05,false,TC-TEE-CREW,instagram
TC104766,2026-08-03,77.42,false,TC-TEE-CREW,instagram
TC104767,2026-08-03,83.64,false,TC-TEE-CREW,instagram
TC104768,2026-08-03,55.09,false,TC-TEE-CREW,meta
TC104769,2026-08-03,63.65,false,TC-TEE-CREW,facebook
TC104770,2026-08-03,81.05,false,TC-TEE-CREW,meta
TC104771,2026-08-03,83.11,false,TC-TEE-CREW,facebook
TC104772,2026-08-03,86.33,false,TC-TEE-CREW,
TC104773,2026-08-03,35.80,false,TC-TEE-CREW,meta
TC104774,2026-08-03,59.79,true,TC-TEE-CREW,instagram
TC104775,2026-08-03,87.78,true,TC-TEE-CREW,
TC104776,2026-08-03,80.62,true,TC-TEE-CREW,
TC104777,2026-08-03,84.36,true,TC-TEE-CREW,meta
TC104778,2026-08-03,79.26,true,TC-TEE-CREW,facebook
TC104779,2026-08-03,70.82,true,TC-TEE-CREW,
TC104780,2026-08-03,66.16,true,TC-TEE-CREW,
TC104781,2026-08-03,82.91,false,TC-TEE-CREW,instagram
TC104782,2026-08-03,57.10,false,TC-TEE-CREW,instagram
TC104783,2026-08-03,66.62,false,TC-TEE-CREW,
TC104784,2026-08-03,86.64,true,TC-UND-BOXER,meta
TC104785,2026-08-03,83.99,true,TC-UND-BOXER,
TC104786,2026-08-03,57.84,true,TC-UND-BOXER,meta
TC104787,2026-08-03,62.11,true,TC-UND-BOXER,meta
TC104788,2026-08-03,57.02,true,TC-UND-BOXER,
TC104789,2026-08-03,60.47,true,TC-UND-BOXER,meta
TC104790,2026-08-03,107.54,false,TC-UND-BOXER,instagram
TC104791,2026-08-03,63.66,true,TC-MIXED,meta
TC104792,2026-08-03,62.01,false,TC-MIXED,meta
TC104793,2026-08-03,58.16,false,TC-MIXED,facebook
TC104794,2026-08-03,71.22,false,TC-UNKNOWN-CLEARANCE,
TC104795,2026-08-03,77.28,false,TC-MIXED,instagram
TC104796,2026-08-03,76.06,false,TC-MIXED,instagram
TC104797,2026-08-03,74.47,false,TC-MIXED,facebook
TC104798,2026-08-03,80.08,false,TC-MIXED,facebook
TC104799,2026-08-03,62.14,false,TC-MIXED,facebook
TC104800,2026-08-03,61.92,false,TC-MIXED,facebook
TC104801,2026-08-03,78.21,false,TC-MIXED,instagram
TC104802,2026-08-03,82.76,false,TC-MIXED,instagram
TC104803,2026-08-03,117.33,false,TC-MIXED,instagram
TC104804,2026-08-03,57.63,true,TC-TEE-CREW,cpc
TC104805,2026-08-03,62.85,true,TC-TEE-CREW,cpc
TC104806,2026-08-03,87.82,true,TC-TEE-CREW,google_ads
TC104807,2026-08-03,61.14,true,TC-TEE-CREW,cpc
TC104808,2026-08-03,78.03,true,TC-TEE-CREW,google
TC104809,2026-08-03,68.55,true,TC-TEE-CREW,google
TC104810,2026-08-03,65.57,true,TC-TEE-CREW,cpc
TC104811,2026-08-03,86.50,true,TC-TEE-CREW,google
TC104812,2026-08-03,84.92,true,TC-TEE-CREW,google
TC104813,2026-08-03,60.42,true,TC-TEE-CREW,
TC104814,2026-08-03,71.34,true,TC-TEE-CREW,google_ads
TC104815,2026-08-03,75.30,true,TC-TEE-CREW,google
TC104816,2026-08-03,79.94,true,TC-TEE-CREW,cpc
TC104817,2026-08-03,66.01,true,TC-TEE-CREW,google
TC104818,2026-08-03,79.76,true,TC-TEE-CREW,cpc
TC104819,2026-08-03,60.07,true,TC-TEE-CREW,google
TC104820,2026-08-03,79.15,true,TC-TEE-CREW,google
TC104821,2026-08-03,77.15,true,TC-TEE-CREW,google
TC104822,2026-08-03,58.36,true,TC-TEE-CREW,google_ads
TC104823,2026-08-03,89.98,true,TC-TEE-CREW,
TC104824,2026-08-03,68.85,true,TC-TEE-CREW,google
TC104825,2026-08-03,72.43,true,TC-TEE-CREW,
TC104826,2026-08-03,83.47,true,TC-TEE-CREW,google_ads
TC104827,2026-08-03,70.72,true,TC-TEE-CREW,google
TC104828,2026-08-03,65.20,true,TC-TEE-CREW,google_ads
TC104829,2026-08-03,71.09,true,TC-TEE-CREW,google_ads
TC104830,2026-08-03,54.99,true,TC-TEE-CREW,
TC104831,2026-08-03,68.57,true,TC-TEE-CREW,
TC104832,2026-08-03,61.14,true,TC-TEE-CREW,cpc
TC104833,2026-08-03,74.29,true,TC-TEE-CREW,cpc
TC104834,2026-08-03,55.73,true,TC-TEE-CREW,google
TC104835,2026-08-03,69.14,false,TC-TEE-CREW,google_ads
TC104836,2026-08-03,76.89,false,TC-TEE-CREW,google
TC104837,2026-08-03,74.02,false,TC-TEE-CREW,google
TC104838,2026-08-03,57.14,false,TC-TEE-CREW,google_ads
TC104839,2026-08-03,56.09,false,TC-TEE-CREW,google_ads
TC104840,2026-08-03,61.85,false,TC-TEE-CREW,google
TC104841,2026-08-03,57.43,false,TC-TEE-CREW,google
TC104842,2026-08-03,89.33,false,TC-TEE-CREW,cpc
TC104843,2026-08-03,85.38,false,TC-TEE-CREW,cpc
TC104844,2026-08-03,80.35,false,TC-TEE-CREW,google_ads
TC104845,2026-08-03,78.82,false,TC-TEE-CREW,google
TC104846,2026-08-03,82.05,false,TC-TEE-CREW,
TC104847,2026-08-03,66.50,false,TC-TEE-CREW,
TC104848,2026-08-03,60.19,false,TC-TEE-CREW,google
TC104849,2026-08-03,74.67,false,TC-TEE-CREW,google_ads
TC104850,2026-08-03,61.74,false,TC-TEE-CREW,google
TC104851,2026-08-03,80.13,false,TC-TEE-CREW,cpc
TC104852,2026-08-03,77.68,false,TC-TEE-CREW,
TC104853,2026-08-03,70.91,false,TC-TEE-CREW,cpc
TC104854,2026-08-03,55.62,false,TC-TEE-CREW,cpc
TC104855,2026-08-03,78.20,false,TC-TEE-CREW,google
TC104856,2026-08-03,61.05,false,TC-TEE-CREW,cpc
TC104857,2026-08-03,61.01,false,TC-TEE-CREW,google_ads
TC104858,2026-08-03,63.35,false,TC-TEE-CREW,google_ads
TC104859,2026-08-03,84.42,false,TC-TEE-CREW,
TC104860,2026-08-03,66.45,false,TC-TEE-CREW,google_ads
TC104861,2026-08-03,59.93,false,TC-TEE-CREW,google_ads
TC104862,2026-08-03,60.31,false,TC-TEE-CREW,
TC104863,2026-08-03,65.57,false,TC-TEE-CREW,
TC104864,2026-08-03,80.55,false,TC-TEE-CREW,cpc
TC104865,2026-08-03,81.51,false,TC-TEE-CREW,google
TC104866,2026-08-03,68.41,false,TC-TEE-CREW,google_ads
TC104867,2026-08-03,86.96,false,TC-TEE-CREW,
TC104868,2026-08-03,71.16,false,TC-TEE-CREW,google
TC104869,2026-08-03,158.99,false,TC-TEE-CREW,cpc
TC104870,2026-08-03,85.98,true,TC-TEE-CREW,cpc
TC104871,2026-08-03,76.09,true,TC-TEE-CREW,google_ads
TC104872,2026-08-03,56.72,true,TC-TEE-CREW,google_ads
TC104873,2026-08-03,63.17,true,TC-TEE-CREW,cpc
TC104874,2026-08-03,60.76,true,TC-TEE-CREW,cpc
TC104875,2026-08-03,74.58,true,TC-TEE-CREW,google_ads
TC104876,2026-08-03,66.92,true,TC-TEE-CREW,google_ads
TC104877,2026-08-03,80.95,true,TC-TEE-CREW,
TC104878,2026-08-03,62.01,true,TC-TEE-CREW,google
TC104879,2026-08-03,70.33,true,TC-TEE-CREW,google_ads
TC104880,2026-08-03,62.43,true,TC-TEE-CREW,
TC104881,2026-08-03,59.72,true,TC-TEE-CREW,google
TC104882,2026-08-03,69.08,true,TC-TEE-CREW,google_ads
TC104883,2026-08-03,58.28,true,TC-TEE-CREW,google
TC104884,2026-08-03,66.14,true,TC-TEE-CREW,
TC104885,2026-08-03,73.70,true,TC-TEE-CREW,
TC104886,2026-08-03,75.71,true,TC-TEE-CREW,google
TC104887,2026-08-03,59.32,true,TC-TEE-CREW,
TC104888,2026-08-03,86.33,true,TC-TEE-CREW,
TC104889,2026-08-03,69.86,true,TC-TEE-CREW,cpc
TC104890,2026-08-03,79.41,false,TC-TEE-CREW,google_ads
TC104891,2026-08-03,64.41,false,TC-TEE-CREW,google_ads
TC104892,2026-08-03,77.31,false,TC-TEE-CREW,
TC104893,2026-08-03,83.55,false,TC-TEE-CREW,
TC104894,2026-08-03,84.10,false,TC-TEE-CREW,google
TC104895,2026-08-03,69.17,false,TC-TEE-CREW,google_ads
TC104896,2026-08-03,56.97,true,TC-SHIRT-OXFORD,google
TC104897,2026-08-03,86.04,true,TC-SHIRT-OXFORD,cpc
TC104898,2026-08-03,86.17,true,TC-SHIRT-OXFORD,
TC104899,2026-08-03,87.77,true,TC-SHIRT-OXFORD,
TC104900,2026-08-03,68.03,true,TC-SHIRT-OXFORD,
TC104901,2026-08-03,61.87,true,TC-SHIRT-OXFORD,
TC104902,2026-08-03,85.08,true,TC-SHIRT-OXFORD,cpc
TC104903,2026-08-03,90.59,true,TC-SHIRT-OXFORD,google_ads
TC104904,2026-08-03,55.95,false,TC-SHIRT-OXFORD,google
TC104905,2026-08-03,83.85,false,TC-SHIRT-OXFORD,google_ads
TC104906,2026-08-03,82.02,false,TC-SHIRT-OXFORD,google_ads
TC104907,2026-08-03,67.05,false,TC-SHIRT-OXFORD,google
TC104908,2026-08-03,78.96,false,TC-SHIRT-OXFORD,google
TC104909,2026-08-03,60.84,false,TC-SHIRT-OXFORD,google_ads
TC104910,2026-08-03,68.56,false,TC-SHIRT-OXFORD,
TC104911,2026-08-03,47.07,false,TC-SHIRT-OXFORD,cpc
TC104912,2026-08-03,87.82,true,TC-TEE-CREW,cpc
TC104913,2026-08-03,62.99,true,TC-TEE-CREW,google_ads
TC104914,2026-08-03,71.64,true,TC-TEE-CREW,google
TC104915,2026-08-03,76.36,true,TC-TEE-CREW,
TC104916,2026-08-03,58.05,true,TC-TEE-CREW,google_ads
TC104917,2026-08-03,72.80,true,TC-TEE-CREW,google_ads
TC104918,2026-08-03,82.52,true,TC-TEE-CREW,
TC104919,2026-08-03,62.27,true,TC-TEE-CREW,google_ads
TC104920,2026-08-03,81.21,true,TC-TEE-CREW,google
TC104921,2026-08-03,66.93,true,TC-TEE-CREW,
TC104922,2026-08-03,63.52,true,TC-TEE-CREW,cpc
TC104923,2026-08-03,79.18,true,TC-TEE-CREW,
TC104924,2026-08-03,85.25,true,TC-TEE-CREW,cpc
TC104925,2026-08-03,60.02,true,TC-TEE-CREW,google
TC104926,2026-08-03,80.50,true,TC-TEE-CREW,cpc
TC104927,2026-08-03,62.95,true,TC-TEE-CREW,google_ads
TC104928,2026-08-03,63.00,true,TC-TEE-CREW,google
TC104929,2026-08-03,78.63,true,TC-TEE-CREW,cpc
TC104930,2026-08-03,66.11,true,TC-TEE-CREW,google_ads
TC104931,2026-08-03,84.45,true,TC-TEE-CREW,google_ads
TC104932,2026-08-03,78.26,true,TC-TEE-CREW,
TC104933,2026-08-03,75.47,true,TC-TEE-CREW,
TC104934,2026-08-03,68.38,true,TC-TEE-CREW,google_ads
TC104935,2026-08-03,89.40,true,TC-TEE-CREW,
TC104936,2026-08-03,67.95,true,TC-TEE-CREW,cpc
TC104937,2026-08-03,74.90,true,TC-TEE-CREW,google_ads
TC104938,2026-08-03,77.80,true,TC-TEE-CREW,google
TC104939,2026-08-03,86.89,true,TC-TEE-CREW,google
TC104940,2026-08-03,56.65,true,TC-TEE-CREW,
TC104941,2026-08-03,78.20,false,TC-TEE-CREW,google
TC104942,2026-08-03,85.47,false,TC-TEE-CREW,
TC104943,2026-08-03,61.39,false,TC-TEE-CREW,google
TC104944,2026-08-03,58.49,false,TC-TEE-CREW,cpc
TC104945,2026-08-03,54.87,false,TC-TEE-CREW,cpc
TC104946,2026-08-03,77.73,false,TC-TEE-CREW,
TC104947,2026-08-04,77.06,true,TC-TEE-CREW,meta
TC104948,2026-08-04,86.11,true,TC-TEE-CREW,instagram
TC104949,2026-08-04,73.94,true,TC-TEE-CREW,facebook
TC104950,2026-08-04,64.00,true,TC-TEE-CREW,meta
TC104951,2026-08-04,76.72,true,TC-TEE-CREW,
TC104952,2026-08-04,67.10,true,TC-TEE-CREW,
TC104953,2026-08-04,86.84,true,TC-TEE-CREW,
TC104954,2026-08-04,88.13,true,TC-TEE-CREW,facebook
TC104955,2026-08-04,66.17,true,TC-TEE-CREW,instagram
TC104956,2026-08-04,79.38,true,TC-TEE-CREW,meta
TC104957,2026-08-04,75.36,true,TC-TEE-CREW,meta
TC104958,2026-08-04,88.60,true,TC-TEE-CREW,instagram
TC104959,2026-08-04,65.58,true,TC-TEE-CREW,instagram
TC104960,2026-08-04,54.50,true,TC-TEE-CREW,meta
TC104961,2026-08-04,86.35,true,TC-TEE-CREW,
TC104962,2026-08-04,87.42,true,TC-TEE-CREW,
TC104963,2026-08-04,72.62,true,TC-TEE-CREW,
TC104964,2026-08-04,65.86,true,TC-TEE-CREW,
TC104965,2026-08-04,81.71,true,TC-TEE-CREW,
TC104966,2026-08-04,57.44,true,TC-TEE-CREW,instagram
TC104967,2026-08-04,71.27,true,TC-TEE-CREW,facebook
TC104968,2026-08-04,71.39,true,TC-TEE-CREW,meta
TC104969,2026-08-04,88.84,true,TC-TEE-CREW,meta
TC104970,2026-08-04,76.13,true,TC-TEE-CREW,instagram
TC104971,2026-08-04,72.18,true,TC-TEE-CREW,
TC104972,2026-08-04,82.99,true,TC-TEE-CREW,meta
TC104973,2026-08-04,58.91,true,TC-TEE-CREW,
TC104974,2026-08-04,79.41,true,TC-TEE-CREW,instagram
TC104975,2026-08-04,76.54,true,TC-TEE-CREW,
TC104976,2026-08-04,79.92,true,TC-TEE-CREW,meta
TC104977,2026-08-04,80.16,true,TC-TEE-CREW,instagram
TC104978,2026-08-04,78.32,true,TC-TEE-CREW,instagram
TC104979,2026-08-04,71.45,true,TC-TEE-CREW,facebook
TC104980,2026-08-04,61.44,true,TC-TEE-CREW,instagram
TC104981,2026-08-04,83.46,true,TC-TEE-CREW,instagram
TC104982,2026-08-04,83.61,true,TC-TEE-CREW,instagram
TC104983,2026-08-04,56.78,true,TC-TEE-CREW,meta
TC104984,2026-08-04,59.03,true,TC-TEE-CREW,instagram
TC104985,2026-08-04,82.56,true,TC-TEE-CREW,
TC104986,2026-08-04,61.81,true,TC-TEE-CREW,facebook
TC104987,2026-08-04,67.43,true,TC-TEE-CREW,meta
TC104988,2026-08-04,72.21,true,TC-TEE-CREW,
TC104989,2026-08-04,86.34,true,TC-TEE-CREW,
TC104990,2026-08-04,66.48,true,TC-TEE-CREW,meta
TC104991,2026-08-04,83.36,true,TC-TEE-CREW,
TC104992,2026-08-04,71.81,true,TC-TEE-CREW,instagram
TC104993,2026-08-04,78.39,true,TC-TEE-CREW,
TC104994,2026-08-04,77.47,true,TC-TEE-CREW,meta
TC104995,2026-08-04,78.91,true,TC-TEE-CREW,
TC104996,2026-08-04,70.53,false,TC-TEE-CREW,facebook
TC104997,2026-08-04,64.15,false,TC-TEE-CREW,meta
TC104998,2026-08-04,87.26,false,TC-TEE-CREW,meta
TC104999,2026-08-04,67.51,false,TC-TEE-CREW,facebook
TC105000,2026-08-04,81.32,false,TC-TEE-CREW,meta
TC105001,2026-08-04,60.60,false,TC-TEE-CREW,
TC105002,2026-08-04,6.06,false,TC-TEE-CREW,facebook
TC105003,2026-08-04,0.67,false,TC-TEE-CREW,instagram
TC105004,2026-08-04,84.80,true,TC-TEE-CREW,instagram
TC105005,2026-08-04,74.66,true,TC-TEE-CREW,meta
TC105006,2026-08-04,66.89,true,TC-TEE-CREW,
TC105007,2026-08-04,79.39,true,TC-TEE-CREW,meta
TC105008,2026-08-04,88.16,false,TC-TEE-CREW,facebook
TC105009,2026-08-04,67.78,false,TC-TEE-CREW,meta
TC105010,2026-08-04,73.13,false,TC-TEE-CREW,meta
TC105011,2026-08-04,68.35,false,TC-TEE-CREW,facebook
TC105012,2026-08-04,76.84,false,TC-TEE-CREW,instagram
TC105013,2026-08-04,81.91,false,TC-TEE-CREW,
TC105014,2026-08-04,78.75,false,TC-TEE-CREW,
TC105015,2026-08-04,65.42,false,TC-TEE-CREW,facebook
TC105016,2026-08-04,89.18,false,TC-TEE-CREW,facebook
TC105017,2026-08-04,73.04,false,TC-TEE-CREW,facebook
TC105018,2026-08-04,89.27,false,TC-TEE-CREW,meta
TC105019,2026-08-04,66.42,false,TC-TEE-CREW,
TC105020,2026-08-04,71.85,false,TC-TEE-CREW,
TC105021,2026-08-04,89.16,false,TC-TEE-CREW,facebook
TC105022,2026-08-04,68.28,false,TC-TEE-CREW,facebook
TC105023,2026-08-04,62.72,false,TC-TEE-CREW,
TC105024,2026-08-04,64.58,false,TC-TEE-CREW,instagram
TC105025,2026-08-04,80.74,false,TC-TEE-CREW,meta
TC105026,2026-08-04,56.09,false,TC-TEE-CREW,meta
TC105027,2026-08-04,29.95,false,TC-TEE-CREW,facebook
TC105028,2026-08-04,53.61,true,TC-TEE-CREW,instagram
TC105029,2026-08-04,59.45,true,TC-TEE-CREW,
TC105030,2026-08-04,83.97,true,TC-TEE-CREW,
TC105031,2026-08-04,86.49,true,TC-TEE-CREW,instagram
TC105032,2026-08-04,70.21,true,TC-TEE-CREW,
TC105033,2026-08-04,86.63,true,TC-TEE-CREW,
TC105034,2026-08-04,74.31,true,TC-TEE-CREW,instagram
TC105035,2026-08-04,80.64,true,TC-TEE-CREW,meta
TC105036,2026-08-04,83.23,false,TC-TEE-CREW,meta
TC105037,2026-08-04,28.94,false,TC-TEE-CREW,facebook
TC105038,2026-08-04,70.31,true,TC-UND-BOXER,meta
TC105039,2026-08-04,64.98,true,TC-UND-BOXER,
TC105040,2026-08-04,91.49,true,TC-UND-BOXER,instagram
TC105041,2026-08-04,64.30,true,TC-UND-BOXER,facebook
TC105042,2026-08-04,94.50,true,TC-UND-BOXER,facebook
TC105043,2026-08-04,74.89,false,TC-UND-BOXER,facebook
TC105044,2026-08-04,87.56,true,TC-UNKNOWN-CLEARANCE,
TC105045,2026-08-04,76.23,false,TC-MIXED,
TC105046,2026-08-04,62.91,false,TC-MIXED,facebook
TC105047,2026-08-04,88.25,false,TC-MIXED,
TC105048,2026-08-04,79.25,false,TC-MIXED,instagram
TC105049,2026-08-04,55.80,false,TC-MIXED,facebook
TC105050,2026-08-04,81.87,false,TC-MIXED,
TC105051,2026-08-04,57.31,false,TC-MIXED,instagram
TC105052,2026-08-04,65.91,false,TC-MIXED,
TC105053,2026-08-04,65.11,false,TC-MIXED,meta
TC105054,2026-08-04,68.57,false,TC-MIXED,meta
TC105055,2026-08-04,70.41,false,TC-UNKNOWN-CLEARANCE,instagram
TC105056,2026-08-04,82.94,true,TC-TEE-CREW,google_ads
TC105057,2026-08-04,59.70,true,TC-TEE-CREW,cpc
TC105058,2026-08-04,71.92,true,TC-TEE-CREW,google
TC105059,2026-08-04,59.00,true,TC-TEE-CREW,
TC105060,2026-08-04,72.68,true,TC-TEE-CREW,
TC105061,2026-08-04,75.88,true,TC-TEE-CREW,google_ads
TC105062,2026-08-04,65.58,true,TC-TEE-CREW,google
TC105063,2026-08-04,73.79,true,TC-TEE-CREW,google
TC105064,2026-08-04,83.15,true,TC-TEE-CREW,
TC105065,2026-08-04,80.75,true,TC-TEE-CREW,
TC105066,2026-08-04,89.15,true,TC-TEE-CREW,google
TC105067,2026-08-04,78.42,true,TC-TEE-CREW,cpc
TC105068,2026-08-04,80.35,true,TC-TEE-CREW,
TC105069,2026-08-04,68.54,true,TC-TEE-CREW,google_ads
TC105070,2026-08-04,82.60,true,TC-TEE-CREW,google_ads
TC105071,2026-08-04,86.91,true,TC-TEE-CREW,
TC105072,2026-08-04,89.33,true,TC-TEE-CREW,
TC105073,2026-08-04,60.54,true,TC-TEE-CREW,google_ads
TC105074,2026-08-04,80.48,true,TC-TEE-CREW,google
TC105075,2026-08-04,67.64,true,TC-TEE-CREW,google
TC105076,2026-08-04,62.32,true,TC-TEE-CREW,google
TC105077,2026-08-04,70.74,true,TC-TEE-CREW,
TC105078,2026-08-04,86.78,true,TC-TEE-CREW,
TC105079,2026-08-04,77.26,true,TC-TEE-CREW,google
TC105080,2026-08-04,83.20,true,TC-TEE-CREW,cpc
TC105081,2026-08-04,85.00,true,TC-TEE-CREW,google
TC105082,2026-08-04,70.85,true,TC-TEE-CREW,
TC105083,2026-08-04,85.03,true,TC-TEE-CREW,google_ads
TC105084,2026-08-04,83.12,true,TC-TEE-CREW,google_ads
TC105085,2026-08-04,89.46,true,TC-TEE-CREW,google
TC105086,2026-08-04,84.42,true,TC-TEE-CREW,cpc
TC105087,2026-08-04,61.84,true,TC-TEE-CREW,
TC105088,2026-08-04,71.92,true,TC-TEE-CREW,google_ads
TC105089,2026-08-04,76.57,true,TC-TEE-CREW,
TC105090,2026-08-04,69.18,true,TC-TEE-CREW,google_ads
TC105091,2026-08-04,82.66,true,TC-TEE-CREW,
TC105092,2026-08-04,60.04,true,TC-TEE-CREW,cpc
TC105093,2026-08-04,64.61,true,TC-TEE-CREW,cpc
TC105094,2026-08-04,72.47,true,TC-TEE-CREW,google_ads
TC105095,2026-08-04,83.63,true,TC-TEE-CREW,google_ads
TC105096,2026-08-04,65.69,true,TC-TEE-CREW,cpc
TC105097,2026-08-04,58.81,false,TC-TEE-CREW,google
TC105098,2026-08-04,81.77,false,TC-TEE-CREW,cpc
TC105099,2026-08-04,63.23,false,TC-TEE-CREW,cpc
TC105100,2026-08-04,63.65,false,TC-TEE-CREW,google_ads
TC105101,2026-08-04,61.91,false,TC-TEE-CREW,cpc
TC105102,2026-08-04,87.89,false,TC-TEE-CREW,google_ads
TC105103,2026-08-04,81.55,false,TC-TEE-CREW,google
TC105104,2026-08-04,55.27,false,TC-TEE-CREW,
TC105105,2026-08-04,62.21,false,TC-TEE-CREW,
TC105106,2026-08-04,54.02,false,TC-TEE-CREW,google_ads
TC105107,2026-08-04,57.74,false,TC-TEE-CREW,google
TC105108,2026-08-04,80.05,false,TC-TEE-CREW,google_ads
TC105109,2026-08-04,71.03,false,TC-TEE-CREW,google_ads
TC105110,2026-08-04,77.60,false,TC-TEE-CREW,cpc
TC105111,2026-08-04,83.32,false,TC-TEE-CREW,google_ads
TC105112,2026-08-04,61.36,false,TC-TEE-CREW,google_ads
TC105113,2026-08-04,65.90,false,TC-TEE-CREW,
TC105114,2026-08-04,63.32,false,TC-TEE-CREW,
TC105115,2026-08-04,67.09,false,TC-TEE-CREW,cpc
TC105116,2026-08-04,60.24,false,TC-TEE-CREW,
TC105117,2026-08-04,54.95,false,TC-TEE-CREW,google
TC105118,2026-08-04,55.45,false,TC-TEE-CREW,
TC105119,2026-08-04,75.36,false,TC-TEE-CREW,
TC105120,2026-08-04,76.27,false,TC-TEE-CREW,
TC105121,2026-08-04,82.87,false,TC-TEE-CREW,
TC105122,2026-08-04,81.29,false,TC-TEE-CREW,google_ads
TC105123,2026-08-04,75.57,false,TC-TEE-CREW,cpc
TC105124,2026-08-04,77.09,false,TC-TEE-CREW,google_ads
TC105125,2026-08-04,71.04,false,TC-TEE-CREW,google
TC105126,2026-08-04,79.79,false,TC-TEE-CREW,google_ads
TC105127,2026-08-04,88.06,false,TC-TEE-CREW,cpc
TC105128,2026-08-04,77.38,false,TC-TEE-CREW,
TC105129,2026-08-04,65.74,false,TC-TEE-CREW,
TC105130,2026-08-04,59.01,false,TC-TEE-CREW,google_ads
TC105131,2026-08-04,64.32,false,TC-TEE-CREW,cpc
TC105132,2026-08-04,87.63,false,TC-TEE-CREW,google_ads
TC105133,2026-08-04,39.54,false,TC-TEE-CREW,cpc
TC105134,2026-08-04,4.39,false,TC-TEE-CREW,
TC105135,2026-08-04,83.21,true,TC-TEE-CREW,google_ads
TC105136,2026-08-04,75.38,true,TC-TEE-CREW,cpc
TC105137,2026-08-04,54.60,true,TC-TEE-CREW,google_ads
TC105138,2026-08-04,67.61,true,TC-TEE-CREW,
TC105139,2026-08-04,72.86,true,TC-TEE-CREW,google
TC105140,2026-08-04,77.55,true,TC-TEE-CREW,google
TC105141,2026-08-04,65.15,true,TC-TEE-CREW,
TC105142,2026-08-04,61.57,true,TC-TEE-CREW,
TC105143,2026-08-04,82.85,true,TC-TEE-CREW,google
TC105144,2026-08-04,55.82,true,TC-TEE-CREW,google
TC105145,2026-08-04,85.06,true,TC-TEE-CREW,google
TC105146,2026-08-04,55.18,true,TC-TEE-CREW,google_ads
TC105147,2026-08-04,87.14,true,TC-TEE-CREW,cpc
TC105148,2026-08-04,86.42,true,TC-TEE-CREW,google_ads
TC105149,2026-08-04,74.48,true,TC-TEE-CREW,cpc
TC105150,2026-08-04,84.73,true,TC-TEE-CREW,google_ads
TC105151,2026-08-04,79.40,true,TC-TEE-CREW,google
TC105152,2026-08-04,71.01,true,TC-TEE-CREW,
TC105153,2026-08-04,75.55,true,TC-TEE-CREW,cpc
TC105154,2026-08-04,57.74,true,TC-TEE-CREW,google
TC105155,2026-08-04,87.56,true,TC-TEE-CREW,google_ads
TC105156,2026-08-04,72.00,true,TC-TEE-CREW,google
TC105157,2026-08-04,61.46,true,TC-TEE-CREW,google_ads
TC105158,2026-08-04,86.08,false,TC-TEE-CREW,google_ads
TC105159,2026-08-04,75.10,false,TC-TEE-CREW,
TC105160,2026-08-04,63.07,false,TC-TEE-CREW,
TC105161,2026-08-04,71.23,false,TC-TEE-CREW,cpc
TC105162,2026-08-04,61.54,false,TC-TEE-CREW,
TC105163,2026-08-04,58.81,true,TC-SHIRT-OXFORD,google
TC105164,2026-08-04,87.45,true,TC-SHIRT-OXFORD,cpc
TC105165,2026-08-04,67.92,true,TC-SHIRT-OXFORD,
TC105166,2026-08-04,72.87,true,TC-SHIRT-OXFORD,cpc
TC105167,2026-08-04,72.20,true,TC-SHIRT-OXFORD,google
TC105168,2026-08-04,87.59,true,TC-SHIRT-OXFORD,cpc
TC105169,2026-08-04,57.49,true,TC-SHIRT-OXFORD,
TC105170,2026-08-04,54.47,true,TC-SHIRT-OXFORD,google
TC105171,2026-08-04,78.17,true,TC-SHIRT-OXFORD,cpc
TC105172,2026-08-04,59.95,true,TC-SHIRT-OXFORD,
TC105173,2026-08-04,57.27,false,TC-SHIRT-OXFORD,cpc
TC105174,2026-08-04,72.32,false,TC-SHIRT-OXFORD,
TC105175,2026-08-04,82.95,false,TC-SHIRT-OXFORD,google
TC105176,2026-08-04,66.65,false,TC-SHIRT-OXFORD,cpc
TC105177,2026-08-04,73.21,false,TC-SHIRT-OXFORD,cpc
TC105178,2026-08-04,60.89,false,TC-SHIRT-OXFORD,
TC105179,2026-08-04,86.18,false,TC-SHIRT-OXFORD,google_ads
TC105180,2026-08-04,86.67,false,TC-SHIRT-OXFORD,
TC105181,2026-08-04,63.69,true,TC-TEE-CREW,cpc
TC105182,2026-08-04,58.62,true,TC-TEE-CREW,
TC105183,2026-08-04,77.58,true,TC-TEE-CREW,google
TC105184,2026-08-04,66.39,true,TC-TEE-CREW,google
TC105185,2026-08-04,86.54,true,TC-TEE-CREW,google
TC105186,2026-08-04,57.53,true,TC-TEE-CREW,cpc
TC105187,2026-08-04,72.07,true,TC-TEE-CREW,
TC105188,2026-08-04,54.26,true,TC-TEE-CREW,google_ads
TC105189,2026-08-04,76.03,true,TC-TEE-CREW,cpc
TC105190,2026-08-04,84.54,true,TC-TEE-CREW,google_ads
TC105191,2026-08-04,59.08,true,TC-TEE-CREW,google
TC105192,2026-08-04,57.10,true,TC-TEE-CREW,google
TC105193,2026-08-04,70.29,true,TC-TEE-CREW,google
TC105194,2026-08-04,79.51,true,TC-TEE-CREW,
TC105195,2026-08-04,89.71,true,TC-TEE-CREW,google_ads
TC105196,2026-08-04,69.56,true,TC-TEE-CREW,
TC105197,2026-08-04,72.22,true,TC-TEE-CREW,
TC105198,2026-08-04,76.45,true,TC-TEE-CREW,cpc
TC105199,2026-08-04,56.94,true,TC-TEE-CREW,
TC105200,2026-08-04,54.75,true,TC-TEE-CREW,cpc
TC105201,2026-08-04,80.78,true,TC-TEE-CREW,google_ads
TC105202,2026-08-04,76.62,true,TC-TEE-CREW,cpc
TC105203,2026-08-04,83.59,true,TC-TEE-CREW,cpc
TC105204,2026-08-04,84.29,true,TC-TEE-CREW,google
TC105205,2026-08-04,81.82,true,TC-TEE-CREW,cpc
TC105206,2026-08-04,60.72,true,TC-TEE-CREW,
TC105207,2026-08-04,80.22,false,TC-TEE-CREW,google
TC105208,2026-08-04,79.08,false,TC-TEE-CREW,cpc
TC105209,2026-08-04,70.41,false,TC-TEE-CREW,google_ads
TC105210,2026-08-04,68.43,false,TC-TEE-CREW,google_ads
TC105211,2026-08-04,76.40,false,TC-TEE-CREW,
TC105212,2026-08-05,86.62,true,TC-TEE-CREW,
TC105213,2026-08-05,61.22,true,TC-TEE-CREW,instagram
TC105214,2026-08-05,56.48,true,TC-TEE-CREW,facebook
TC105215,2026-08-05,71.90,true,TC-TEE-CREW,meta
TC105216,2026-08-05,65.94,true,TC-TEE-CREW,instagram
TC105217,2026-08-05,85.94,true,TC-TEE-CREW,instagram
TC105218,2026-08-05,55.66,true,TC-TEE-CREW,
TC105219,2026-08-05,77.32,true,TC-TEE-CREW,meta
TC105220,2026-08-05,78.62,true,TC-TEE-CREW,instagram
TC105221,2026-08-05,68.09,true,TC-TEE-CREW,instagram
TC105222,2026-08-05,68.38,true,TC-TEE-CREW,meta
TC105223,2026-08-05,87.48,true,TC-TEE-CREW,
TC105224,2026-08-05,79.46,true,TC-TEE-CREW,instagram
TC105225,2026-08-05,83.16,true,TC-TEE-CREW,facebook
TC105226,2026-08-05,80.76,true,TC-TEE-CREW,
TC105227,2026-08-05,74.46,true,TC-TEE-CREW,instagram
TC105228,2026-08-05,84.35,true,TC-TEE-CREW,facebook
TC105229,2026-08-05,67.36,true,TC-TEE-CREW,
TC105230,2026-08-05,84.85,true,TC-TEE-CREW,
TC105231,2026-08-05,57.07,true,TC-TEE-CREW,meta
TC105232,2026-08-05,54.32,true,TC-TEE-CREW,facebook
TC105233,2026-08-05,67.66,true,TC-TEE-CREW,meta
TC105234,2026-08-05,76.82,true,TC-TEE-CREW,meta
TC105235,2026-08-05,89.00,true,TC-TEE-CREW,
TC105236,2026-08-05,79.54,true,TC-TEE-CREW,facebook
TC105237,2026-08-05,75.42,true,TC-TEE-CREW,instagram
TC105238,2026-08-05,68.53,true,TC-TEE-CREW,
TC105239,2026-08-05,81.20,true,TC-TEE-CREW,instagram
TC105240,2026-08-05,75.22,true,TC-TEE-CREW,meta
TC105241,2026-08-05,88.38,true,TC-TEE-CREW,facebook
TC105242,2026-08-05,76.82,true,TC-TEE-CREW,facebook
TC105243,2026-08-05,67.65,true,TC-TEE-CREW,meta
TC105244,2026-08-05,64.18,true,TC-TEE-CREW,meta
TC105245,2026-08-05,78.61,true,TC-TEE-CREW,instagram
TC105246,2026-08-05,54.46,true,TC-TEE-CREW,instagram
TC105247,2026-08-05,54.62,true,TC-TEE-CREW,meta
TC105248,2026-08-05,78.73,true,TC-TEE-CREW,facebook
TC105249,2026-08-05,81.39,true,TC-TEE-CREW,instagram
TC105250,2026-08-05,85.39,true,TC-TEE-CREW,meta
TC105251,2026-08-05,62.53,true,TC-TEE-CREW,meta
TC105252,2026-08-05,76.00,true,TC-TEE-CREW,meta
TC105253,2026-08-05,82.53,true,TC-TEE-CREW,
TC105254,2026-08-05,56.04,true,TC-TEE-CREW,meta
TC105255,2026-08-05,73.77,true,TC-TEE-CREW,
TC105256,2026-08-05,81.68,true,TC-TEE-CREW,meta
TC105257,2026-08-05,62.47,true,TC-TEE-CREW,facebook
TC105258,2026-08-05,56.46,true,TC-TEE-CREW,
TC105259,2026-08-05,65.55,true,TC-TEE-CREW,instagram
TC105260,2026-08-05,60.56,false,TC-TEE-CREW,
TC105261,2026-08-05,53.79,false,TC-TEE-CREW,instagram
TC105262,2026-08-05,78.52,false,TC-TEE-CREW,facebook
TC105263,2026-08-05,56.23,false,TC-TEE-CREW,instagram
TC105264,2026-08-05,87.12,false,TC-TEE-CREW,facebook
TC105265,2026-08-05,68.87,false,TC-TEE-CREW,
TC105266,2026-08-05,45.05,false,TC-TEE-CREW,
TC105267,2026-08-05,78.81,true,TC-TEE-CREW,facebook
TC105268,2026-08-05,58.97,true,TC-TEE-CREW,instagram
TC105269,2026-08-05,79.16,true,TC-TEE-CREW,meta
TC105270,2026-08-05,71.72,true,TC-TEE-CREW,facebook
TC105271,2026-08-05,60.07,true,TC-TEE-CREW,meta
TC105272,2026-08-05,62.73,false,TC-TEE-CREW,facebook
TC105273,2026-08-05,77.59,false,TC-TEE-CREW,instagram
TC105274,2026-08-05,83.47,false,TC-TEE-CREW,instagram
TC105275,2026-08-05,60.52,false,TC-TEE-CREW,facebook
TC105276,2026-08-05,61.50,false,TC-TEE-CREW,instagram
TC105277,2026-08-05,64.63,false,TC-TEE-CREW,meta
TC105278,2026-08-05,88.44,false,TC-TEE-CREW,instagram
TC105279,2026-08-05,71.90,false,TC-TEE-CREW,facebook
TC105280,2026-08-05,72.27,false,TC-TEE-CREW,facebook
TC105281,2026-08-05,63.38,false,TC-TEE-CREW,instagram
TC105282,2026-08-05,57.09,false,TC-TEE-CREW,facebook
TC105283,2026-08-05,90.81,false,TC-TEE-CREW,instagram
TC105284,2026-08-05,87.37,false,TC-TEE-CREW,instagram
TC105285,2026-08-05,90.43,false,TC-TEE-CREW,instagram
TC105286,2026-08-05,80.58,false,TC-TEE-CREW,
TC105287,2026-08-05,76.49,false,TC-TEE-CREW,instagram
TC105288,2026-08-05,81.23,false,TC-TEE-CREW,
TC105289,2026-08-05,59.36,false,TC-TEE-CREW,facebook
TC105290,2026-08-05,71.03,true,TC-TEE-CREW,
TC105291,2026-08-05,57.19,true,TC-TEE-CREW,
TC105292,2026-08-05,74.25,true,TC-TEE-CREW,
TC105293,2026-08-05,70.06,true,TC-TEE-CREW,facebook
TC105294,2026-08-05,89.02,true,TC-TEE-CREW,meta
TC105295,2026-08-05,88.83,true,TC-TEE-CREW,meta
TC105296,2026-08-05,55.73,true,TC-TEE-CREW,meta
TC105297,2026-08-05,71.11,true,TC-TEE-CREW,meta
TC105298,2026-08-05,89.87,true,TC-TEE-CREW,
TC105299,2026-08-05,69.77,false,TC-TEE-CREW,meta
TC105300,2026-08-05,57.71,false,TC-TEE-CREW,
TC105301,2026-08-05,83.42,true,TC-UND-BOXER,meta
TC105302,2026-08-05,76.21,true,TC-UND-BOXER,
TC105303,2026-08-05,68.90,true,TC-UND-BOXER,
TC105304,2026-08-05,64.17,true,TC-UND-BOXER,instagram
TC105305,2026-08-05,86.89,true,TC-UND-BOXER,facebook
TC105306,2026-08-05,59.09,true,TC-UND-BOXER,meta
TC105307,2026-08-05,91.32,false,TC-UND-BOXER,facebook
TC105308,2026-08-05,61.58,true,TC-MIXED,meta
TC105309,2026-08-05,55.61,true,TC-MIXED,
TC105310,2026-08-05,62.02,false,TC-MIXED,facebook
TC105311,2026-08-05,58.24,false,TC-MIXED,
TC105312,2026-08-05,54.91,false,TC-MIXED,meta
TC105313,2026-08-05,83.66,false,TC-MIXED,
TC105314,2026-08-05,65.14,false,TC-MIXED,instagram
TC105315,2026-08-05,55.84,false,TC-MIXED,instagram
TC105316,2026-08-05,84.93,false,TC-MIXED,meta
TC105317,2026-08-05,54.13,false,TC-MIXED,meta
TC105318,2026-08-05,85.91,false,TC-MIXED,
TC105319,2026-08-05,68.79,false,TC-UNKNOWN-CLEARANCE,facebook
TC105320,2026-08-05,109.94,false,TC-MIXED,facebook
TC105321,2026-08-05,87.68,true,TC-TEE-CREW,google_ads
TC105322,2026-08-05,83.57,true,TC-TEE-CREW,google
TC105323,2026-08-05,54.96,true,TC-TEE-CREW,google_ads
TC105324,2026-08-05,85.33,true,TC-TEE-CREW,google_ads
TC105325,2026-08-05,87.81,true,TC-TEE-CREW,google_ads
TC105326,2026-08-05,57.59,true,TC-TEE-CREW,
TC105327,2026-08-05,60.61,true,TC-TEE-CREW,google_ads
TC105328,2026-08-05,79.46,true,TC-TEE-CREW,cpc
TC105329,2026-08-05,58.52,true,TC-TEE-CREW,cpc
TC105330,2026-08-05,61.05,true,TC-TEE-CREW,cpc
TC105331,2026-08-05,66.34,true,TC-TEE-CREW,google_ads
TC105332,2026-08-05,76.14,true,TC-TEE-CREW,cpc
TC105333,2026-08-05,84.04,true,TC-TEE-CREW,cpc
TC105334,2026-08-05,77.78,true,TC-TEE-CREW,
TC105335,2026-08-05,63.35,true,TC-TEE-CREW,
TC105336,2026-08-05,65.76,true,TC-TEE-CREW,
TC105337,2026-08-05,80.81,true,TC-TEE-CREW,google_ads
TC105338,2026-08-05,73.49,true,TC-TEE-CREW,
TC105339,2026-08-05,69.98,true,TC-TEE-CREW,
TC105340,2026-08-05,76.19,true,TC-TEE-CREW,google
TC105341,2026-08-05,65.38,true,TC-TEE-CREW,google
TC105342,2026-08-05,83.44,true,TC-TEE-CREW,
TC105343,2026-08-05,66.11,true,TC-TEE-CREW,
TC105344,2026-08-05,88.09,true,TC-TEE-CREW,cpc
TC105345,2026-08-05,77.60,true,TC-TEE-CREW,google
TC105346,2026-08-05,62.94,true,TC-TEE-CREW,google_ads
TC105347,2026-08-05,84.24,true,TC-TEE-CREW,
TC105348,2026-08-05,71.24,true,TC-TEE-CREW,cpc
TC105349,2026-08-05,81.45,true,TC-TEE-CREW,google_ads
TC105350,2026-08-05,73.53,true,TC-TEE-CREW,google
TC105351,2026-08-05,63.29,true,TC-TEE-CREW,google_ads
TC105352,2026-08-05,69.92,false,TC-TEE-CREW,google
TC105353,2026-08-05,58.32,false,TC-TEE-CREW,
TC105354,2026-08-05,88.65,false,TC-TEE-CREW,cpc
TC105355,2026-08-05,73.98,false,TC-TEE-CREW,cpc
TC105356,2026-08-05,87.00,false,TC-TEE-CREW,
TC105357,2026-08-05,77.99,false,TC-TEE-CREW,
TC105358,2026-08-05,63.46,false,TC-TEE-CREW,google
TC105359,2026-08-05,56.23,false,TC-TEE-CREW,cpc
TC105360,2026-08-05,88.82,false,TC-TEE-CREW,google
TC105361,2026-08-05,60.61,false,TC-TEE-CREW,
TC105362,2026-08-05,53.91,false,TC-TEE-CREW,google
TC105363,2026-08-05,71.43,false,TC-TEE-CREW,cpc
TC105364,2026-08-05,59.31,false,TC-TEE-CREW,cpc
TC105365,2026-08-05,89.40,false,TC-TEE-CREW,google_ads
TC105366,2026-08-05,62.69,false,TC-TEE-CREW,google
TC105367,2026-08-05,66.65,false,TC-TEE-CREW,
TC105368,2026-08-05,67.58,false,TC-TEE-CREW,cpc
TC105369,2026-08-05,56.26,false,TC-TEE-CREW,google
TC105370,2026-08-05,77.71,false,TC-TEE-CREW,
TC105371,2026-08-05,82.16,false,TC-TEE-CREW,
TC105372,2026-08-05,62.41,false,TC-TEE-CREW,cpc
TC105373,2026-08-05,73.01,false,TC-TEE-CREW,
TC105374,2026-08-05,88.19,false,TC-TEE-CREW,cpc
TC105375,2026-08-05,78.38,false,TC-TEE-CREW,google_ads
TC105376,2026-08-05,74.11,false,TC-TEE-CREW,
TC105377,2026-08-05,72.14,false,TC-TEE-CREW,cpc
TC105378,2026-08-05,78.34,false,TC-TEE-CREW,
TC105379,2026-08-05,62.72,false,TC-TEE-CREW,cpc
TC105380,2026-08-05,71.72,false,TC-TEE-CREW,google
TC105381,2026-08-05,65.87,false,TC-TEE-CREW,google_ads
TC105382,2026-08-05,70.35,false,TC-TEE-CREW,google
TC105383,2026-08-05,86.68,false,TC-TEE-CREW,google_ads
TC105384,2026-08-05,84.23,false,TC-TEE-CREW,google
TC105385,2026-08-05,60.32,false,TC-TEE-CREW,google
TC105386,2026-08-05,73.32,false,TC-TEE-CREW,google
TC105387,2026-08-05,77.28,false,TC-TEE-CREW,
TC105388,2026-08-05,75.49,false,TC-TEE-CREW,cpc
TC105389,2026-08-05,8.39,false,TC-TEE-CREW,google
TC105390,2026-08-05,76.83,true,TC-TEE-CREW,
TC105391,2026-08-05,66.06,true,TC-TEE-CREW,cpc
TC105392,2026-08-05,57.41,true,TC-TEE-CREW,google_ads
TC105393,2026-08-05,60.94,true,TC-TEE-CREW,google
TC105394,2026-08-05,68.69,true,TC-TEE-CREW,
TC105395,2026-08-05,78.10,true,TC-TEE-CREW,google
TC105396,2026-08-05,88.71,true,TC-TEE-CREW,google
TC105397,2026-08-05,87.18,true,TC-TEE-CREW,google
TC105398,2026-08-05,57.07,true,TC-TEE-CREW,google
TC105399,2026-08-05,78.23,true,TC-TEE-CREW,google_ads
TC105400,2026-08-05,69.98,true,TC-TEE-CREW,google_ads
TC105401,2026-08-05,56.04,true,TC-TEE-CREW,cpc
TC105402,2026-08-05,83.63,true,TC-TEE-CREW,
TC105403,2026-08-05,89.66,true,TC-TEE-CREW,
TC105404,2026-08-05,70.75,true,TC-TEE-CREW,
TC105405,2026-08-05,55.51,true,TC-TEE-CREW,
TC105406,2026-08-05,79.67,true,TC-TEE-CREW,
TC105407,2026-08-05,63.89,true,TC-TEE-CREW,google_ads
TC105408,2026-08-05,59.69,true,TC-TEE-CREW,
TC105409,2026-08-05,54.51,true,TC-TEE-CREW,cpc
TC105410,2026-08-05,55.13,true,TC-TEE-CREW,cpc
TC105411,2026-08-05,55.08,false,TC-TEE-CREW,google_ads
TC105412,2026-08-05,55.31,false,TC-TEE-CREW,
TC105413,2026-08-05,57.02,false,TC-TEE-CREW,cpc
TC105414,2026-08-05,66.89,false,TC-TEE-CREW,
TC105415,2026-08-05,65.65,false,TC-TEE-CREW,google_ads
TC105416,2026-08-05,187.72,false,TC-TEE-CREW,google
TC105417,2026-08-05,71.06,true,TC-SHIRT-OXFORD,google_ads
TC105418,2026-08-05,65.73,true,TC-SHIRT-OXFORD,cpc
TC105419,2026-08-05,62.76,true,TC-SHIRT-OXFORD,google_ads
TC105420,2026-08-05,85.52,true,TC-SHIRT-OXFORD,cpc
TC105421,2026-08-05,71.29,true,TC-SHIRT-OXFORD,cpc
TC105422,2026-08-05,68.88,true,TC-SHIRT-OXFORD,cpc
TC105423,2026-08-05,90.23,true,TC-SHIRT-OXFORD,google
TC105424,2026-08-05,74.89,false,TC-SHIRT-OXFORD,google
TC105425,2026-08-05,66.21,false,TC-SHIRT-OXFORD,
TC105426,2026-08-05,62.29,false,TC-SHIRT-OXFORD,
TC105427,2026-08-05,87.42,false,TC-SHIRT-OXFORD,google
TC105428,2026-08-05,67.00,false,TC-SHIRT-OXFORD,
TC105429,2026-08-05,56.20,false,TC-SHIRT-OXFORD,cpc
TC105430,2026-08-05,64.93,false,TC-SHIRT-OXFORD,google
TC105431,2026-08-05,68.18,false,TC-SHIRT-OXFORD,cpc
TC105432,2026-08-05,73.20,false,TC-SHIRT-OXFORD,
TC105433,2026-08-05,110.73,false,TC-SHIRT-OXFORD,google
TC105434,2026-08-05,73.10,true,TC-TEE-CREW,google_ads
TC105435,2026-08-05,77.48,true,TC-TEE-CREW,cpc
TC105436,2026-08-05,74.42,true,TC-TEE-CREW,cpc
TC105437,2026-08-05,84.48,true,TC-TEE-CREW,google
TC105438,2026-08-05,68.43,true,TC-TEE-CREW,google_ads
TC105439,2026-08-05,88.15,true,TC-TEE-CREW,
TC105440,2026-08-05,78.54,true,TC-TEE-CREW,
TC105441,2026-08-05,69.74,true,TC-TEE-CREW,
TC105442,2026-08-05,69.04,true,TC-TEE-CREW,cpc
TC105443,2026-08-05,80.08,true,TC-TEE-CREW,cpc
TC105444,2026-08-05,68.46,true,TC-TEE-CREW,google
TC105445,2026-08-05,87.28,true,TC-TEE-CREW,cpc
TC105446,2026-08-05,70.38,true,TC-TEE-CREW,google
TC105447,2026-08-05,66.62,true,TC-TEE-CREW,cpc
TC105448,2026-08-05,55.68,true,TC-TEE-CREW,google_ads
TC105449,2026-08-05,86.39,true,TC-TEE-CREW,
TC105450,2026-08-05,62.24,true,TC-TEE-CREW,google
TC105451,2026-08-05,89.00,true,TC-TEE-CREW,google
TC105452,2026-08-05,65.23,true,TC-TEE-CREW,google
TC105453,2026-08-05,65.18,true,TC-TEE-CREW,
TC105454,2026-08-05,66.00,true,TC-TEE-CREW,cpc
TC105455,2026-08-05,66.44,true,TC-TEE-CREW,cpc
TC105456,2026-08-05,79.95,true,TC-TEE-CREW,google
TC105457,2026-08-05,63.65,true,TC-TEE-CREW,
TC105458,2026-08-05,58.52,true,TC-TEE-CREW,
TC105459,2026-08-05,77.40,true,TC-TEE-CREW,cpc
TC105460,2026-08-05,89.12,true,TC-TEE-CREW,google_ads
TC105461,2026-08-05,79.55,true,TC-TEE-CREW,google
TC105462,2026-08-05,72.97,true,TC-TEE-CREW,google_ads
TC105463,2026-08-05,55.34,false,TC-TEE-CREW,
TC105464,2026-08-05,59.95,false,TC-TEE-CREW,google
TC105465,2026-08-05,88.67,false,TC-TEE-CREW,google
TC105466,2026-08-05,77.25,false,TC-TEE-CREW,
TC105467,2026-08-05,60.91,false,TC-TEE-CREW,cpc
TC105468,2026-08-05,86.14,false,TC-TEE-CREW,google
TC105469,2026-08-05,60.60,false,TC-TEE-CREW,google
TC105470,2026-08-05,64.89,false,TC-TEE-CREW,google_ads
